Threshold,FPR,TPR,Precision,Recall,F1,MCC
5e-05,1,1,0.0845458381558642,1,0.155910124185482,0
0.00015,0.1374089859759,0.999189056223325,0.401758293777992,0.999189056223325,0.573087190449445,0.58834723901133
0.00025,0.108285320057847,0.99852579011689,0.459932086268998,0.99852579011689,0.629780341657737,0.639776721487079
0.00035,0.0921798944126299,0.998027770132776,0.499978154163709,0.998027770132776,0.666208423106807,0.672846518705798
0.00045,0.0815707224268001,0.997620900753932,0.530406557617675,0.997620900753932,0.692585286838023,0.696893050601392
0.00055,0.0739889555616166,0.99725196326026,0.554522633609894,0.99725196326026,0.712730813038292,0.715344158354493
0.00065,0.0682781188237861,0.996925863128639,0.574188411457807,0.996925863128639,0.728684459113213,0.730024579897045
0.00075,0.0637911178546223,0.996641744752637,0.590649486762644,0.996641744752637,0.74172391724537,0.742077361617602
0.00085,0.06016415600233,0.996378902456589,0.604661014514336,0.996378902456589,0.752600196427235,0.752169889459456
0.00095,0.0571607304116359,0.996140188261935,0.616777935345276,0.996140188261935,0.761845601011143,0.760780478092745
0.00105,0.0546352939751036,0.995921894540803,0.627349380750501,0.995921894540803,0.769792447296176,0.76820616421099
0.00115,0.0524713731849907,0.995704912749534,0.636697016547438,0.995704912749534,0.776723349723416,0.774699474275752
0.00125,0.0505847025401734,0.995504187480482,0.645078110986316,0.995504187480482,0.782865890164757,0.780470253741215
0.00135,0.0489204536250667,0.995315212539768,0.652656659458103,0.995315212539768,0.788361880153348,0.785646555415497
0.00145,0.0474465659345544,0.995135535188954,0.659518302332398,0.995135535188954,0.793289912217053,0.790298343897932
0.00155,0.0461364523228392,0.99496800744948,0.665740157788048,0.99496800744948,0.797720119812546,0.794489283363134
0.00165,0.0449511197141948,0.99480909281476,0.67147166712072,0.99480909281476,0.801768988852807,0.798327101280396
0.00175,0.0438744114262039,0.994657593435787,0.676764203837388,0.994657593435787,0.80548028679605,0.801851383101688
0.00185,0.042892915357975,0.994512767786988,0.681661913600951,0.994512767786988,0.808891201994426,0.805095903536938
0.00195,0.0419960166692501,0.994379920628243,0.686201042545228,0.994379920628243,0.812034115788933,0.808091031625645
0.00205,0.0411660099118376,0.994253861280529,0.690456258329315,0.994253861280529,0.814963705504671,0.810887331865266
0.00215,0.0403943926777093,0.994131851803262,0.694459694432998,0.994131851803262,0.817704558059902,0.813507157741322
0.00225,0.0396706870922884,0.99401394923687,0.698257142022568,0.99401394923687,0.820290960366344,0.815982797120887
0.00235,0.0389944453831569,0.993904089370944,0.701844155200738,0.993904089370944,0.822723276510072,0.818314529637648
0.00245,0.038364592896512,0.993795484394452,0.705217821874754,0.993795484394452,0.824999173705794,0.82049857809716
0.00255,0.0377704726488096,0.993687677983963,0.708429528330169,0.993687677983963,0.82715536910184,0.822569864394072
0.00265,0.0372129380415989,0.993587514990938,0.711471030365292,0.993587514990938,0.829189982917568,0.824527072417657
0.00275,0.0366909565643634,0.993488207604345,0.714341773788283,0.993488207604345,0.831101615723038,0.826367529286824
0.00285,0.0361956043762115,0.993392836007341,0.717087876451132,0.993392836007341,0.832923696906716,0.828123721906615
0.00295,0.0357247479732701,0.993298377057199,0.719717547641269,0.993298377057199,0.834661560005636,0.829800167587025
0.00305,0.0352759061695532,0.993203461783626,0.722241774911715,0.993203461783626,0.836322857462879,0.831403895817225
0.00315,0.0348525347145444,0.993113680148647,0.724639437659055,0.993113680148647,0.837896122852496,0.832924241457722
0.00325,0.0344459520912486,0.993023784432811,0.72695673132412,0.993023784432811,0.839411048956791,0.8343892424591
0.00335,0.0340593769931634,0.992934002797833,0.729173315568208,0.992934002797833,0.84085465666271,0.835786113871251
0.00345,0.0336869462355707,0.99284638869915,0.73132178106772,0.99284638869915,0.842249847830439,0.837137304289689
0.00355,0.0333329584336815,0.992762197026197,0.733375796242757,0.992762197026197,0.843580026119446,0.838426624793623
0.00365,0.0329938893551722,0.992682226344978,0.735354554745464,0.992682226344978,0.844858633271697,0.839667164356197
0.00375,0.0326679057670849,0.992598376914598,0.737265985978203,0.992598376914598,0.846088325459832,0.840860407742804
0.00385,0.0323532481872131,0.992517892869519,0.739120851468433,0.992517892869519,0.84727911346872,0.842016947355766
0.00395,0.0320501325998997,0.992440831250169,0.740916903352746,0.992440831250169,0.848429810848191,0.843135537303007
0.00405,0.0317579005162948,0.992365423803256,0.742656802527877,0.992365423803256,0.849541776925101,0.844217209497443
0.00415,0.0314794545552481,0.992293723984217,0.744322517567264,0.992293723984217,0.850604232679846,0.845251543599874
0.00425,0.0312067084736847,0.992223963539758,0.745961720097646,0.992223963539758,0.851647901063513,0.846268414042172
0.00435,0.0309457993876844,0.992149468739706,0.747535293998575,0.992149468739706,0.852644985678297,0.847239665621927
0.00445,0.0306907218789374,0.992078168203669,0.749080647689861,0.992078168203669,0.853622943540169,0.848193164764046
0.00455,0.0304435620401196,0.992007837354921,0.750584118880455,0.992007837354921,0.854572208782738,0.849119195073566
0.00465,0.0302047887152922,0.991943381670343,0.75204317712145,0.991943381670343,0.855493121223097,0.850018607576128
0.00475,0.0299729110856993,0.991881207602919,0.753465798880583,0.991881207602919,0.856389662004139,0.850894852576928
0.00485,0.0297493988984535,0.99181583927148,0.754841355834461,0.99181583927148,0.857253060247313,0.851738607429977
0.00495,0.0295351635021229,0.99175246735505,0.756164581116398,0.99175246735505,0.858082012192165,0.852549129130117
0.00505,0.0293230194663791,0.991690578489769,0.757479796180706,0.991690578489769,0.858904985067875,0.853354407426752
0.00515,0.0291174076400247,0.991629431150063,0.758758829928064,0.991629431150063,0.859703648193137,0.854136239777713
0.00525,0.0289201243806418,0.991565831071918,0.759989364077829,0.991565831071918,0.860469013462319,0.854885345245263
0.00535,0.0287280984962354,0.991503999247066,0.761191110905587,0.991503999247066,0.861215423358456,0.855616332958645
0.00545,0.0285389488911245,0.991442965988218,0.762378702566385,0.991442965988218,0.861951948286279,0.856338038896585
0.00555,0.0283542612064596,0.991386039640246,0.763542488226105,0.991386039640246,0.862673723151403,0.857045999059614
0.00565,0.0281750205415597,0.991327915443268,0.764674958855482,0.991327915443268,0.863374022957214,0.857732941649221
0.00575,0.0279999204545469,0.991271673580442,0.765784743621437,0.991271673580442,0.864059590779519,0.858405858144398
0.00585,0.0278311207888486,0.991215032434614,0.766857332790716,0.991215032434614,0.864720396077038,0.859054533853043
0.00595,0.0276656188353097,0.991161528512371,0.767912373406297,0.991161528512371,0.865370353069043,0.859693120253095
0.00605,0.0275034936125923,0.991104488083541,0.768947987918265,0.991104488083541,0.866005772350414,0.860317215706161
0.00615,0.0273454773602973,0.991048075099429,0.769960015843699,0.991048075099429,0.866625650989206,0.860926260611034
0.00625,0.0271903795305844,0.990996282390051,0.77095669650813,0.990996282390051,0.867236786989674,0.861527414224957
0.00635,0.0270387163787117,0.990944489680673,0.771933701215575,0.990944489680673,0.867834716622688,0.86211573121704
0.00645,0.0268912938950313,0.990892297688294,0.772885535063526,0.990892297688294,0.868415862211265,0.862687597655557
0.00655,0.0267449829405294,0.990840447938488,0.773832606454608,0.990840447938488,0.868993431389578,0.863256204327107
0.00665,0.0266020592526705,0.990786373611957,0.774759488607534,0.990786373611957,0.869556730940907,0.863810639929288
0.00675,0.026461211121666,0.990736178034586,0.77567572793829,0.990736178034586,0.870114160228693,0.864359891008458
0.00685,0.026322538637821,0.990685868376358,0.776579869219208,0.990685868376358,0.870663291585968,0.864901111069705
0.00695,0.0261874746728726,0.990634817192556,0.777462241987117,0.990634817192556,0.871197836076212,0.865427963073188
0.00705,0.0260553502021495,0.990583252644893,0.778327158735959,0.990583252644893,0.871720629334378,0.86594328028267
0.00715,0.0259257490606986,0.990530148005653,0.779177078073786,0.990530148005653,0.872232847437551,0.866448116158872
0.00725,0.0257977598999518,0.990481663641147,0.780019025495215,0.990481663641147,0.872741306213344,0.866949892266087
0.00735,0.0256730263080782,0.990433464478786,0.780841225219884,0.990433464478786,0.873236979447785,0.867439151935467
0.00745,0.0255513112290918,0.990384694912136,0.781644978684769,0.990384694912136,0.873720384346582,0.867916309802817
0.00755,0.0254320615323589,0.990334385253908,0.782433700673353,0.990334385253908,0.874193307189398,0.868383037572989
0.00765,0.0253139444364475,0.990285444565972,0.78321673431778,0.990285444565972,0.874662733624113,0.868846596382977
0.00775,0.0251983137944327,0.99023581939289,0.78398458606898,0.99023581939289,0.875121959580119,0.869300078243219
0.00785,0.0250826146695775,0.990187049826241,0.784754629209169,0.990187049826241,0.875582426523897,0.869755059343706
0.00795,0.0249690859239711,0.990140675957602,0.785512024998345,0.990140675957602,0.876035507378176,0.870203074311934
0.00805,0.0248596240055008,0.99009492953368,0.786243566901462,0.99009492953368,0.876472328365187,0.870635065522812
0.00815,0.0247504149467487,0.990047585977751,0.78697455725003,0.990047585977751,0.876907767976452,0.871065672150694
0.00825,0.0246418064298275,0.990001611392114,0.787703133967733,0.990001611392114,0.877341835265023,0.871495199556236
0.00835,0.0245378968893382,0.989957576181058,0.788401507611673,0.989957576181058,0.87775753799755,0.871906699663907
0.00845,0.024435467631783,0.989912970565713,0.789091004988602,0.989912970565713,0.878167144681687,0.872312184650669
0.00855,0.0243360410833827,0.989866653737503,0.789760997465623,0.989866653737503,0.878563642552056,0.872704515987477
0.00865,0.0242378208865551,0.989819823545433,0.790423860672571,0.989819823545433,0.878955182633544,0.87309196481171
0.00875,0.0241402381069341,0.989774989768373,0.791083869816523,0.989774989768373,0.879345406784324,0.873478421969321
0.00885,0.0240440513236745,0.989729642627453,0.791735382879215,0.989729642627453,0.879729847437998,0.87385916240768
0.00895,0.0239485019576215,0.989687204548404,0.792384134677235,0.989687204548404,0.880113407264584,0.874239429613385
0.00905,0.023855286276052,0.98964254189263,0.793017579689499,0.98964254189263,0.880486329197666,0.874608938615846
0.00915,0.0237635877527922,0.989599305247577,0.793641875464945,0.989599305247577,0.880853871108652,0.874973309468449
0.00925,0.0236729954908001,0.989558065017533,0.794259902883294,0.989558065017533,0.881218046640847,0.875334611750656
0.00935,0.0235830459139252,0.989515512857626,0.794874285620289,0.989515512857626,0.881579167358856,0.875692835187211
0.00945,0.0234955511834823,0.989471991010428,0.7954725140541,0.989471991010428,0.881929684695409,0.876040434563779
0.00955,0.0234091943217716,0.989427157233368,0.796063589747167,0.989427157233368,0.88227501140796,0.876382804025749
0.00965,0.0233245126556948,0.98938414875003,0.796644261672487,0.98938414875003,0.882614408697978,0.876719498122922
0.00975,0.0232416273472,0.989342338115698,0.797213532356712,0.989342338115698,0.882947030221571,0.877049600917096
0.00985,0.023159816692508,0.989300014117506,0.797776095694278,0.989300014117506,0.883275086494309,0.87737516505928
0.00995,0.0230786118475577,0.989257747159743,0.79833528493131,0.989257747159743,0.883600854636865,0.877698530189783
0.01005,0.0229985132638751,0.989211829614535,0.79888698524438,0.989211829614535,0.883920340153223,0.878015329194262
0.01015,0.0229180406585257,0.989169904899345,0.799442763772933,0.989169904899345,0.884243678314944,0.87833647099554
0.01025,0.0228397858436223,0.989128322426728,0.799983881141549,0.989128322426728,0.884557953094042,0.878648622020285
0.01035,0.0227632694392823,0.989089763096839,0.800514069533867,0.989089763096839,0.884866535211904,0.878955417314372
0.01045,0.0226868689289797,0.98904829470508,0.801043719678637,0.98904829470508,0.885173408479931,0.879260305856515
0.01055,0.0226129179971983,0.98900927905176,0.801557278982512,0.98900927905176,0.885471230374684,0.879556397295733
0.01065,0.022539014476614,0.988968609226004,0.802070938332607,0.988968609226004,0.885768247233454,0.879851604342616
0.01075,0.0224660591799733,0.988926855632101,0.802578437539826,0.988926855632101,0.886060871446407,0.880142367907389
0.01085,0.0223942628237082,0.988887554776637,0.803078830290185,0.988887554776637,0.886349953209562,0.880429868602615
0.01095,0.0223215972621614,0.988849794012751,0.803586279157268,0.988849794012751,0.886643756517128,0.880722343747262
0.01105,0.0222508018089479,0.988813117017014,0.80408134071761,0.988813117017014,0.8869302634298,0.881007643525832
0.01115,0.0221804646639738,0.988775584414844,0.80457366446275,0.988775584414844,0.887214574385726,0.881290725376482
0.01125,0.0221118870012062,0.988737196206241,0.805054004748405,0.988737196206241,0.887491073683408,0.881565927229686
0.01135,0.0220438361295184,0.988701260736078,0.805531601329721,0.988701260736078,0.887766718173329,0.881840560858941
0.01145,0.021976975805671,0.988662473244474,0.80600087795496,0.988662473244474,0.888035988369181,0.882108575279141
0.01155,0.0219101576251099,0.988621974540005,0.806470168198725,0.988621974540005,0.888304406341861,0.882375642308691
0.01165,0.0218427283668963,0.988582559603683,0.806944572807947,0.988582559603683,0.888576192299943,0.882646273519591
0.01175,0.0217771902886591,0.988545540365372,0.807406446304825,0.988545540365372,0.888841180255293,0.882910329175596
0.01185,0.0217127953470651,0.988508863369635,0.807860765018009,0.988508863369635,0.889101567928033,0.883169837034587
0.01195,0.0216482371002364,0.988474696152766,0.808317191278775,0.988474696152766,0.889364089000304,0.883431787031491
0.01205,0.0215846955601916,0.988436707227165,0.808766282014232,0.988436707227165,0.889620466353596,0.883687253619886
0.01215,0.021520758926837,0.988400486554858,0.809219017094217,0.988400486554858,0.889879608673303,0.883945732865864
0.01225,0.0214571278323087,0.988363410276118,0.809669964783689,0.988363410276118,0.89013716729828,0.884202598445198
0.01235,0.0213954195252216,0.988327817048529,0.810107854978552,0.988327817048529,0.890387285281519,0.884452139597837
0.01245,0.021334717389097,0.988290056284643,0.810538671464056,0.988290056284643,0.890632106197939,0.884696193709187
0.01255,0.0212739731096859,0.988253322248477,0.810970442330816,0.988253322248477,0.890877777024188,0.884941255205644
0.01265,0.0212135080295472,0.988217900142173,0.811400894669386,0.988217900142173,0.8911230429638,0.885186080487428
0.01275,0.0211544442136807,0.988181109065578,0.811821504098816,0.988181109065578,0.891361677384839,0.885424135892242
0.01285,0.0210968501449268,0.988146542565707,0.812232299447469,0.988146542565707,0.891595168449926,0.885657239117025
0.01295,0.0210395616149992,0.988113801359559,0.812641609708479,0.988113801359559,0.891828379552938,0.88589027090083
0.01305,0.0209813722723252,0.988077808848967,0.813057385410074,0.988077808848967,0.892064029846407,0.886125537711119
0.01315,0.0209246632125854,0.988043014187381,0.81346306625545,0.988043014187381,0.892293962966338,0.886355176457434
0.01325,0.0208684177289958,0.988006565353358,0.813865561913649,0.988006565353358,0.892521179852326,0.886581972710069
0.01335,0.0208128623417207,0.987974166389783,0.814264091091773,0.987974166389783,0.892747541317535,0.886808304864998
0.01345,0.0207579338358306,0.987940512536773,0.81465828528403,0.987940512536773,0.892970665329205,0.887031298760764
0.01355,0.0207036111396822,0.987904691147468,0.815048146512904,0.987904691147468,0.893190182940129,0.887250500891367
0.01365,0.0206494780883226,0.987870124647597,0.815437218366983,0.987870124647597,0.893409622792146,0.887469779919243
0.01375,0.0205952712862118,0.987834132137005,0.815827010269737,0.987834132137005,0.893628795027836,0.887688712211587
0.01385,0.0205414911848756,0.987802759901149,0.816214789004566,0.987802759901149,0.893848534610882,0.887908663368012
0.01395,0.0204890965440793,0.987767451875703,0.81659223704632,0.987767451875703,0.894060356325752,0.888120298824549
0.01405,0.0204370601212173,0.987736022599418,0.816968027583372,0.987736022599418,0.894272664899665,0.888332803815801
0.01415,0.020386540856665,0.987702596908124,0.817332775349052,0.987702596908124,0.894477434800501,0.88853753900202
0.01425,0.0203354368540142,0.987667460003964,0.817701901705582,0.987667460003964,0.894684021371906,0.888744012364677
0.01435,0.0202849650006591,0.987633692070097,0.818066956033491,0.987633692070097,0.894888628407418,0.888948637157379
0.01445,0.0202342666271398,0.987599867095801,0.818434016423955,0.987599867095801,0.895094309384411,0.889154388220735
0.01455,0.0201848957671415,0.987565699878932,0.818791621928178,0.987565699878932,0.895294094255459,0.889354170681609
0.01465,0.0201357724989507,0.987529821449198,0.819147486533098,0.987529821449198,0.895492036726811,0.889551979646905
0.01475,0.0200872813800557,0.987499076658058,0.819499800382535,0.987499076658058,0.895689871733149,0.889750151802384
0.01485,0.0200390483887897,0.987467419220058,0.819850400377539,0.987467419220058,0.895886213513452,0.889946770114266
0.01495,0.0199910682572421,0.987435191377769,0.820199372482413,0.987435191377769,0.896081255058079,0.890142058957449
0.01505,0.0199435253622907,0.987400738958755,0.820545104558869,0.987400738958755,0.896273354089014,0.890334212189578
0.01515,0.0198964249718463,0.987366913984459,0.820887975776762,0.987366913984459,0.896463913311115,0.89052489201425
0.01525,0.0198506468270122,0.987332917888877,0.821221352192684,0.987332917888877,0.896648651695131,0.890709682635689
0.01535,0.0198039836731641,0.987300633006159,0.821561827761898,0.987300633006159,0.896838239717361,0.890899577489953
0.01545,0.0197572889118511,0.98727085790231,0.821903214353094,0.98727085790231,0.897029317400579,0.891091230469489
0.01555,0.0197117636267353,0.987236804766298,0.822235600196945,0.987236804766298,0.897213181562745,0.891275235325343
0.01565,0.0196666018274646,0.987204006519721,0.822565765934981,0.987204006519721,0.897396157363769,0.89145847623469
0.01575,0.0196216612804474,0.987170637868856,0.822894491342887,0.987170637868856,0.897577956514179,0.891640508703484
0.01585,0.0195771368983832,0.987138809309568,0.823220635279287,0.987138809309568,0.897758773969018,0.891821704255356
0.01595,0.0195330392170936,0.987106695548137,0.823543842390225,0.987106695548137,0.897937646020244,0.892000931964339
0.01605,0.0194896843112266,0.987074524746277,0.823861785571697,0.987074524746277,0.898113286277875,0.892176901559478
0.01615,0.019445744667261,0.987040528650694,0.824184084415843,0.987040528650694,0.898290679707561,0.892354537386495
0.01625,0.0194020526151029,0.987008300808406,0.824505070490747,0.987008300808406,0.898467945670601,0.892532221207327
0.01635,0.0193597828988602,0.986977270815122,0.824815887076453,0.986977270815122,0.898639593163084,0.892704318947033
0.01645,0.0193172497870776,0.986944187366401,0.825128624883068,0.986944187366401,0.898811454653471,0.892876498331096
0.01655,0.0192748431051542,0.986913271453975,0.825440992262169,0.986913271453975,0.898983919838382,0.893049499376016
0.01665,0.0192328631240054,0.986881442894688,0.825750290480058,0.986881442894688,0.899154111820009,0.893220143697065
0.01675,0.0191915468996172,0.986851553709981,0.826055153313944,0.986851553709981,0.899322406762152,0.893389044053
0.01685,0.0191505467498768,0.986821208201843,0.826357825194597,0.986821208201843,0.89948914304182,0.893556350099168
0.01695,0.0191100628553947,0.986788409955266,0.826656510305631,0.986788409955266,0.899652428667427,0.893719974088155
0.01705,0.0190702532534946,0.986756866598123,0.826950553346993,0.986756866598123,0.899813418502699,0.893881389628025
0.01715,0.0190300116829092,0.986725095079265,0.827248035341168,0.986725095079265,0.899976281497576,0.894044722829309
0.01725,0.0189892433212439,0.986697145269138,0.827550262384545,0.986697145269138,0.90014347328468,0.894212800321577
0.01735,0.0189489912148369,0.986666628639714,0.827848473959848,0.986666628639714,0.900307152755348,0.894377122811839
0.01745,0.018909803226411,0.986636739455007,0.828139000340359,0.986636739455007,0.900466482104807,0.894537090788364
0.01755,0.0188706731850039,0.986609188927882,0.828429648786347,0.986609188927882,0.900626793090798,0.894698272299099
0.01765,0.0188322859190193,0.986579128621889,0.828714557834289,0.986579128621889,0.900782603326885,0.894854693450973
0.01775,0.0187935615067437,0.986547756386033,0.829002034832432,0.986547756386033,0.900939320374695,0.895011961235284
0.01785,0.0187555166549609,0.986518323524756,0.829284878428398,0.986518323524756,0.901094047098966,0.895167379885482
0.01795,0.0187170292986712,0.986489689229484,0.829571388971113,0.986489689229484,0.901251209580067,0.895325371114718
0.01805,0.0186792794498931,0.986459971166063,0.829852384199356,0.986459971166063,0.901404603201843,0.895479459306802
0.01815,0.0186419352302466,0.986431222789933,0.830130657093976,0.986431222789933,0.90155673552387,0.895632362673366
0.01825,0.0186052547673605,0.98640116248394,0.830403921242659,0.98640116248394,0.901705307390305,0.895781555672202
0.01845,0.0185315461594757,0.986339558820803,0.830953463892295,0.986339558820803,0.902003433384158,0.896080900792787
0.01855,0.0184952976652751,0.986310354121242,0.83122416579425,0.986310354121242,0.902150679764564,0.896228881074276
0.01865,0.0184596181054407,0.986278354440669,0.831490344711245,0.986278354440669,0.902294036967105,0.8963726976002
0.01875,0.0184239069381414,0.986247609649529,0.831757129573195,0.986247609649529,0.902438220486971,0.896517478775227
0.01885,0.0183889806895511,0.986218119747824,0.832018314421991,0.986218119747824,0.902579579008012,0.896659496612611
0.01895,0.0183539543506556,0.986187831280116,0.832280327185996,0.986187831280116,0.902721037004023,0.896801576415253
0.01905,0.0183194179274643,0.986158968823128,0.832538994268653,0.986158968823128,0.902861071771691,0.896942335735869
0.01915,0.018284855164719,0.986131589417289,0.832798247338058,0.986131589417289,0.903002020986555,0.897084165403885
0.01925,0.0182503608848141,0.986103468485876,0.833057049892303,0.986103468485876,0.903142342906363,0.89722531879687
0.01945,0.0181831054676568,0.986045629491042,0.833561733471216,0.986045629491042,0.903414572759472,0.897498971368174
0.01955,0.0181495436079631,0.986017565600058,0.833813944368487,0.986017565600058,0.903550895878057,0.897636107378078
0.01965,0.0181159922840911,0.985989843951647,0.834066289854541,0.985989843951647,0.903687392607178,0.897773467760394
0.01975,0.0180830204304068,0.985962920869239,0.834314484562682,0.985962920869239,0.903821740211894,0.897908713321836
0.01985,0.0180503488476379,0.985932461280244,0.834560048530093,0.985932461280244,0.903953010846672,0.898040563654091
0.01995,0.0180179037850334,0.985905766359552,0.834804565120312,0.985905766359552,0.904085202687274,0.898173662759362
0.02005,0.0179856220276636,0.985880155207007,0.835048139031713,0.985880155207007,0.904217251737624,0.898306717723711
0.02025,0.0179213903913044,0.985821916929171,0.835532228773177,0.985821916929171,0.904476469190617,0.898567361775213
0.02035,0.0178894089048501,0.985794309361618,0.835773685457702,0.985794309361618,0.904606301144538,0.898698055688639
0.02045,0.0178578488512596,0.985766302511062,0.836012004362655,0.985766302511062,0.904734082391906,0.898826640847312
0.02055,0.0178262782618476,0.985739037186082,0.836250656715322,0.985739037186082,0.904862327109736,0.898955774840175
0.02065,0.0177956137530928,0.985709319122661,0.836482153908187,0.985709319122661,0.904985306528363,0.899079355581544
0.02085,0.0177348220624845,0.985653419502408,0.836941929824859,0.985653419502408,0.905230747309111,0.899326306551228
0.02095,0.0177042945194105,0.985626211217856,0.837173143513587,0.985626211217856,0.905354493826018,0.899450914237029
0.02105,0.0176741409980031,0.985597006518295,0.837401340517148,0.985597006518295,0.905475592789511,0.899572680144485
0.02115,0.0176443614982623,0.985570824961462,0.837627209602157,0.985570824961462,0.905596566393138,0.899694561058591
0.02135,0.0175836066830297,0.985511559955908,0.838087627471509,0.985511559955908,0.905840549637848,0.899939944319494
0.02145,0.0175538956661293,0.985486690328938,0.838313556502413,0.985486690328938,0.905961991935007,0.900062454200864
0.02155,0.0175250485865998,0.985460622852963,0.838532779531651,0.985460622852963,0.906078973881773,0.900180323572621
0.02165,0.0174962647219998,0.985430847749113,0.838751131337712,0.985430847749113,0.906193842369177,0.900295769373964
0.02185,0.0174386232420488,0.98538030992917,0.839190020922524,0.98538030992917,0.906428553532495,0.900532471698581
0.02195,0.0174104767946554,0.985352873482903,0.839404137466699,0.985352873482903,0.906541828751021,0.900646505944989
0.02205,0.0173817772166282,0.985325608157922,0.839622683695511,0.985325608157922,0.906657722992525,0.900763252064273
0.02225,0.0173258846830621,0.985274385852833,0.840048920806769,0.985274385852833,0.906884475220888,0.900991873169114
0.02235,0.0172977645752227,0.985246664204422,0.840263279716261,0.985246664204422,0.906997626773687,0.901105821528381
0.02245,0.0172695180375241,0.985221110092306,0.84047903664802,0.985221110092306,0.907112475150007,0.901221683522004
0.02265,0.0172143156002725,0.98516726392749,0.840900514164288,0.98516726392749,0.907335060301156,0.901445961964287
0.02275,0.0171876178283486,0.98513948523865,0.841104287606654,0.98513948523865,0.907441883986678,0.901553478551731
0.02285,0.0171601614772697,0.985114672652109,0.841314474950328,0.985114672652109,0.9075536652228,0.901666309443671
0.02305,0.0171063708401119,0.985061910255441,0.841726033818989,0.985061910255441,0.907770666513318,0.901885057231103
0.02315,0.0170794202084697,0.985035500536893,0.841932407980445,0.985035500536893,0.907879451025813,0.90199474172311
0.02325,0.0170538076261701,0.985011087233354,0.842128732599927,0.985011087233354,0.907983209040225,0.902099427603861
0.02345,0.0170015973622517,0.984956442502535,0.842528589423832,0.984956442502535,0.908192349209909,0.902310085662242
0.02355,0.016975673973215,0.98493083134999,0.842727488223478,0.98493083134999,0.908297001346672,0.902415642568033
0.02375,0.0169243592541323,0.984880578732191,0.843121570800495,0.984880578732191,0.908504468448097,0.902624980156319
0.02385,0.0168988625658703,0.98485673583294,0.843317681318917,0.98485673583294,0.908608162439856,0.90272971988316
0.02395,0.0168738031142045,0.984828786022813,0.843509921693647,0.984828786022813,0.908707832606452,0.902830047452253
0.02415,0.0168234102795114,0.984777335556009,0.843897438444228,0.984777335556009,0.908910739874996,0.903034721410134
0.02425,0.0167992200331273,0.984753093373756,0.844083661266555,0.984753093373756,0.909008411373454,0.903133298870444
0.02445,0.0167497490828238,0.984702270351668,0.844464619965499,0.984702270351668,0.909207610211554,0.903334283766975
0.02455,0.0167255114252425,0.984674206460684,0.844650984096956,0.984674206460684,0.909303651198696,0.903430951213837
0.02465,0.0167014001975203,0.984647568580421,0.844836638643256,0.984647568580421,0.90939986123207,0.903527905510549
0.02485,0.0166533937264187,0.984594292819893,0.84520652603477,0.984594292819893,0.909591375425067,0.903720919214432
0.02495,0.0166293773210909,0.984568681667349,0.845391846053774,0.984568681667349,0.909687747634671,0.903818148427463
0.02515,0.0165824823791676,0.984514949583391,0.845753474692175,0.984514949583391,0.909874123874607,0.90400592031923
0.02525,0.0165591824097083,0.984490308118136,0.845933553445575,0.984490308118136,0.909967797259418,0.904100478423861
0.02545,0.0165132356917287,0.984439542136478,0.846288626388887,0.984439542136478,0.910151492942456,0.90428577043105
0.02555,0.016489998937199,0.984413816903076,0.846468319072808,0.984413816903076,0.910244403495528,0.904379501678939
0.02575,0.0164439732005574,0.984361967153269,0.846824376935958,0.984361967153269,0.910428053599993,0.904564737333043
0.02585,0.0164203255489854,0.984336413041153,0.847007590655225,0.984336413041153,0.910522995047763,0.904660602840534
0.02605,0.0163753165191278,0.98428781459579,0.847356555444038,0.98428781459579,0.910703787027492,0.904843190882378
0.02615,0.0163531860258657,0.984264028736968,0.847528270464428,0.984264028736968,0.910792768721076,0.90493308122341
0.02635,0.0163089671826278,0.984212635310592,0.84787110014379,0.984212635310592,0.910968678698789,0.905110515456871
0.02655,0.0162652645946481,0.984164036865229,0.848210522279429,0.984164036865229,0.91114372610342,0.905287295981727
0.02665,0.0162429286528648,0.984137341944537,0.848383872665293,0.984137341944537,0.911232287775944,0.90537660474663
0.02685,0.0161999688403076,0.984088572377887,0.848717847554951,0.984088572377887,0.911403982295731,0.905549982812788
0.02695,0.0161781491537826,0.984063702750917,0.848887576972702,0.984063702750917,0.91149116886617,0.905638032073248
0.02715,0.0161360269390422,0.984013450133118,0.849215158807097,0.984013450133118,0.911658408828996,0.905806780932306
0.02725,0.016114681364489,0.983988466425291,0.849381333996923,0.983988466425291,0.911743431202395,0.905892623498517
0.02745,0.0160728752243965,0.98393878421178,0.849706910123374,0.98393878421178,0.91190963081478,0.906060397047964
0.02765,0.016031695965689,0.983888987917411,0.85002776922224,0.983888987917411,0.912072980745525,0.906225264962082
0.02775,0.0160106348583189,0.983865601341591,0.850192248145466,0.983865601341591,0.912157604746808,0.906310853192218
0.02795,0.0159704090914658,0.983819056351666,0.850506351522408,0.983819056351666,0.91231834066523,0.906473302826916
0.02815,0.015930151717148,0.983770971270162,0.850820769965623,0.983770971270162,0.912478516535886,0.90663510613968
0.02825,0.0159098386531111,0.983745474198475,0.850979360032826,0.983745474198475,0.912558742814804,0.9067160655588
0.02845,0.0158702819109294,0.983693225165667,0.851288050252498,0.983693225165667,0.91271371421165,0.906872277474389
0.02865,0.0158306566859073,0.983645596407594,0.851598137662458,0.983645596407594,0.912871399552873,0.907031631676381
0.02875,0.0158112128271521,0.983622437993489,0.851750416618858,0.983622437993489,0.912948907630613,0.907109989497494
0.02895,0.0157723356454633,0.983576691569567,0.852055148399699,0.983576691569567,0.9131042136552,0.907267066752151
0.02915,0.015733732395136,0.983527294558201,0.852357468582649,0.983527294558201,0.913256487446814,0.907420806536775
0.02925,0.0157144781811695,0.983504079103667,0.852508530782137,0.983504079103667,0.913333179718254,0.90749836024748
0.02945,0.0156763859181896,0.983457762275457,0.852807519443058,0.983457762275457,0.913484759607538,0.907651637935284
0.02965,0.0156385886582144,0.983409163830094,0.853104091376137,0.983409163830094,0.913633897040432,0.907802276606408
0.02985,0.0156009863109387,0.983361192829448,0.853399415758521,0.983361192829448,0.913782518545405,0.90795245616197
0.02995,0.0155819112059394,0.983338718900489,0.853549555159098,0.983338718900489,0.913858875295975,0.908029768748459
0.03015,0.0155451991355885,0.983291774627562,0.853838214047559,0.983291774627562,0.914004014861381,0.908176469359192
0.03035,0.0155089980525851,0.983243860667344,0.854122867742125,0.983243860667344,0.914146373696469,0.908320266054456
0.03055,0.0154732289382671,0.983197372717848,0.85440444664925,0.983197372717848,0.914287522280879,0.908462936130662
0.03075,0.0154377126836674,0.983150029161919,0.854684095536468,0.983150029161919,0.914427131544103,0.908603989731271
0.03085,0.0154198966093487,0.983126300343526,0.854824457903593,0.983126300343526,0.91449719528223,0.908674791117485
0.03105,0.015385033575688,0.983076504049157,0.855098852403277,0.983076504049157,0.914632640989617,0.908811428198825
0.03125,0.0153499808972385,0.983029274574086,0.855375302347372,0.983029274574086,0.91477031063881,0.908950557124537
0.03145,0.0153142960694932,0.982984098554453,0.855657313881096,0.982984098554453,0.914911986283152,0.909093985508417
0.03165,0.015280096792593,0.982939492939108,0.855927619870909,0.982939492939108,0.915047155727137,0.909230756835185
0.03185,0.0152456077805989,0.982892719787467,0.856200189589737,0.982892719787467,0.915182619363573,0.909367719210716
0.03195,0.0152283237652709,0.982869903615935,0.856336939871576,0.982869903615935,0.915250841453337,0.909436753992336
0.03215,0.0151938663607415,0.982823472706868,0.856609596467747,0.982823472706868,0.915386411675455,0.909573889470739
0.03235,0.0151598356569868,0.982781376870391,0.856879541627809,0.982781376870391,0.915522254416877,0.909711611274718
0.03255,0.0151270534480913,0.982736657174189,0.857139246681682,0.982736657174189,0.915651056956007,0.909841912820779
0.03275,0.0150935495354164,0.982693819812137,0.857405213004791,0.982693819812137,0.915784192989513,0.909976840049116
0.03295,0.0150604038406757,0.982648130428645,0.857668109769549,0.982648130428645,0.915914282756699,0.9101084612596
0.03315,0.0150279693138928,0.982603353692013,0.857925537279296,0.982603353692013,0.916041594656825,0.910237292638083
0.03335,0.0149959404162413,0.982558519914953,0.858179843684152,0.982558519914953,0.916167048729788,0.910364223063765
0.03355,0.0149639641976978,0.982514427663467,0.858433988026991,0.982514427663467,0.916292679626089,0.910491407212529
0.03375,0.0149316561007741,0.982467654511827,0.858690671636527,0.982467654511827,0.916418537322408,0.910618681207561
0.03395,0.0149004806046719,0.982425159392348,0.858938851028708,0.982425159392348,0.916541360485482,0.910743108135162
0.03415,0.014869557968288,0.982378557361994,0.859184632222746,0.982378557361994,0.916660980502008,0.910863985221065
0.03435,0.0148390883722327,0.982333609504076,0.859427092453756,0.982333609504076,0.916779380663559,0.910983725949113
0.03455,0.01480909815606,0.982292312233603,0.859666254895749,0.982292312233603,0.916897446381535,0.911103370252771
0.03475,0.0147789130271878,0.98224907558855,0.859906921540665,0.98224907558855,0.91701547544485,0.911222877058061
0.03495,0.0147491387953579,0.982204298851919,0.860144204210657,0.982204298851919,0.917130861619155,0.911339573127019
0.03515,0.014719754388927,0.982162716379302,0.860378848846911,0.982162716379302,0.91724609446738,0.911456329626347
0.03535,0.0146900117645618,0.982120677583254,0.860616510815278,0.982120677583254,0.917362797107058,0.91157460081088
0.03555,0.0146610382551731,0.982075843806194,0.860847699428903,0.982075843806194,0.917474557106369,0.911687600508527
0.03575,0.0146324229637187,0.982030610746132,0.861076056234335,0.982030610746132,0.917584489874385,0.91179870306601
0.03595,0.014603006949823,0.981989085313943,0.86131155624629,0.981989085313943,0.91770005198144,0.911915886346026
0.03615,0.0145745180882278,0.981947160598753,0.861539567941355,0.981947160598753,0.917811144920411,0.912028434378603
0.03645,0.0145311579144499,0.981884245005754,0.861886980336075,0.981884245005754,0.917980750904364,0.912200366253173
0.03665,0.0145034592394744,0.981842719573566,0.862108917372812,0.981842719573566,0.918088465057242,0.912309485492214
0.03685,0.0144756394025504,0.981801935666952,0.862332070842504,0.981801935666952,0.918197151999128,0.912419677003777
0.03705,0.0144481935872932,0.981759326466616,0.862552068925426,0.981759326466616,0.918303210993939,0.912527051740982
0.03725,0.0144211059899702,0.98171671726628,0.862769257391722,0.98171671726628,0.918407637425288,0.912632752122027
0.03745,0.0143937971403936,0.981673651742514,0.862988336663241,0.981673651742514,0.918512895249248,0.912739305378357
0.03775,0.0143537083392213,0.981612789604952,0.863310460140219,0.981612789604952,0.918668664607514,0.912897198568314
0.03795,0.014328037809903,0.981569610000328,0.863516371410643,0.981569610000328,0.91876631924358,0.912995903009857
0.03815,0.0143009028013828,0.981528769053286,0.863734732072844,0.981528769053286,0.918872006998072,0.913103098887314
0.03835,0.0142751532534024,0.981486901378525,0.863941689926883,0.981486901378525,0.91897075423357,0.913203049703475
0.03865,0.0142367712553287,0.981426324443107,0.864250614867693,0.981426324443107,0.919118927350334,0.913353194152919
0.03885,0.0142109900998835,0.981384114525773,0.864458083455352,0.981384114525773,0.919217722624794,0.913453215987138
0.03905,0.0141851773369736,0.981344186225592,0.864666202344722,0.981344186225592,0.919317849943328,0.913554772851187
0.03935,0.0141478805285242,0.981282411441169,0.86496663398688,0.981282411441169,0.919460509963876,0.913699209084677
0.03955,0.0141223838402622,0.981244650677284,0.865172687092667,0.981244650677284,0.919560333144514,0.913800619033835
0.03975,0.0140970715288781,0.981203809730242,0.865376964842613,0.981203809730242,0.919657765799906,0.913899380980427
0.04005,0.0140601382062737,0.981143118713967,0.865675100867631,0.981143118713967,0.91979942503569,0.914042924743653
0.04025,0.014035832065852,0.981101821443494,0.865871278508436,0.981101821443494,0.919891998971011,0.914136653050893
0.04045,0.0140115206575196,0.98106200722417,0.866067780568424,0.98106200722417,0.919985374944368,0.914231316598081
0.04075,0.0139755144872156,0.981000346520605,0.866358683261125,0.981000346520605,0.920122352817055,0.91437002059645
0.04095,0.0139522408573103,0.980959790775707,0.866546757641794,0.980959790775707,0.920210568998283,0.914459317009525
0.04115,0.013927924181067,0.980919577273382,0.866743619069277,0.980919577273382,0.920303858522234,0.914553919737326
0.04145,0.0138928135555988,0.980862422763694,0.867028158737517,0.980862422763694,0.920439065924281,0.914691122742083
0.04165,0.0138700930563273,0.980823521191232,0.867212180002052,0.980823521191232,0.920525619132047,0.914778836147838
0.04195,0.0138362625331829,0.980763913943105,0.867486159802473,0.980763913943105,0.920653685845831,0.914908526119324
0.04215,0.013813526230179,0.980723814521638,0.86767040336929,0.980723814521638,0.920739763740239,0.91499570995839
0.04245,0.0137795429376215,0.980667002254523,0.867946325976143,0.980667002254523,0.920870047418207,0.915127916168297
0.04265,0.0137569383323875,0.980627701399059,0.868129799430508,0.980627701399059,0.920955971077405,0.915215019180692
0.04295,0.0137233448652291,0.980567923029645,0.868402476157107,0.980567923029645,0.921083012225301,0.915343733254076
0.04315,0.0137015567861688,0.980530618589191,0.86857960918286,0.980530618589191,0.92116617894887,0.915428115629449
0.04345,0.0136689852937051,0.98047312183693,0.868844368299303,0.98047312183693,0.921289670076173,0.915553315157595
0.04365,0.0136475343609359,0.980435418113473,0.869018857358785,0.980435418113473,0.92137110720998,0.91563590638449
0.04395,0.0136153895692469,0.980376552390921,0.869280216030882,0.980376552390921,0.921491982516452,0.915758352957639
0.04425,0.0135837504969945,0.980318314113085,0.869537612545757,0.980318314113085,0.921610849909157,0.915878772886509
0.04445,0.013562958053075,0.980280895591773,0.869706965835336,0.980280895591773,0.921689424182266,0.915958448985972
0.04475,0.0135308817442263,0.980222429152222,0.869968294827928,0.980222429152222,0.92181030224514,0.916080994085316
0.04495,0.0135098733159642,0.980185409913912,0.870139701498946,0.980185409913912,0.921890142154384,0.916162039822141
0.04525,0.0134787083556835,0.980132989759817,0.870394410390314,0.980132989759817,0.922009882865696,0.916283784269065
0.04555,0.0134478489342292,0.980077888705567,0.870646428863152,0.980077888705567,0.922126872931798,0.91640254019091
0.04575,0.0134271407768825,0.980040527224684,0.870815598821755,0.980040527224684,0.922205207173773,0.916482045142073
0.04605,0.0133970188629399,0.979986281776866,0.871061823969781,0.979986281776866,0.922319236782447,0.916597807427856
0.04635,0.0133669390922837,0.979929298388465,0.871307548862443,0.979929298388465,0.922431720506505,0.916711832208277
0.04665,0.013337886564233,0.979874425495931,0.871545059698363,0.979874425495931,0.922540484741769,0.916822122706993
0.04685,0.013317942253952,0.979838661147055,0.871708416695871,0.979838661147055,0.922616138846415,0.91689898452316
0.04715,0.0132880521280845,0.979785556507814,0.871953429858003,0.979785556507814,0.922729804591958,0.917014519549513
0.04745,0.0132591629052686,0.97973165330257,0.872190101487529,0.97973165330257,0.922838395212184,0.917124744912112
0.04775,0.0132302789503635,0.97967997467405,0.872427136106455,0.97967997467405,0.922948127169106,0.917236304536809
0.04795,0.0132113039356693,0.979643754001743,0.872582679560871,0.979643754001743,0.923019082756239,0.917308301109748
0.04825,0.0131832997218675,0.979591562009363,0.872812503509951,0.979591562009363,0.923124473293487,0.917415343647745
0.04855,0.0131552797043332,0.979543705089575,0.873043096749397,0.979543705089575,0.92323217335229,0.917525051359059
0.04885,0.0131269488800619,0.979488889237469,0.873275668381128,0.979488889237469,0.923337842256827,0.917632285228259
0.04915,0.0130994345819643,0.979437210608949,0.873501856307113,0.979437210608949,0.92344129051917,0.917737394435201
0.04945,0.0130715146547352,0.979383592605849,0.873731390388349,0.979383592605849,0.923545701096653,0.917843424213997
0.04975,0.013045032867154,0.979332712543333,0.873949233353039,0.979332712543333,0.923644753805481,0.91794403247514
0.05005,0.0130173289242676,0.979280463510525,0.87417738046217,0.979280463510525,0.923748908682513,0.918049911223192
0.05035,0.0129910157098319,0.97923146578216,0.874394278033201,0.97923146578216,0.923848186082675,0.918150894617742
0.05065,0.0129651133924384,0.979181156123932,0.874607682349183,0.979181156123932,0.923944889281915,0.918249140535824
0.05095,0.0129393111653501,0.979130903506133,0.874820372084921,0.979130903506133,0.924041179077914,0.918346976875097
0.05125,0.0129131085770412,0.979080593847905,0.875036570995396,0.979080593847905,0.924139360568632,0.9184468039591
0.05155,0.0128866267894599,0.979028116653381,0.875255022843438,0.979028116653381,0.924237791255927,0.918546796033639
0.05185,0.0128610563504467,0.978979575248447,0.875466319817644,0.978979575248447,0.924333946004775,0.918644638868661
0.05215,0.0128349222449781,0.978931090883941,0.875682527002588,0.978931090883941,0.924432823267555,0.918745346422727
0.05245,0.0128098469895799,0.978880096740567,0.875889598025564,0.978880096740567,0.924525451185388,0.918839413911164
0.05275,0.0127847295908954,0.978829444839766,0.876097184372923,0.978829444839766,0.924618480429505,0.918933936710157
0.05305,0.0127587693264831,0.978780104868828,0.87631219623899,0.978780104868828,0.924716191016936,0.919033437011278
0.05335,0.0127342577375403,0.978731677544752,0.876515122916269,0.978731677544752,0.924807541974477,0.919126358764476
0.05365,0.0127095828433628,0.978683535422819,0.876719583938138,0.978683535422819,0.924899837700527,0.919220299825316
0.05395,0.0126851344693495,0.978634138411453,0.876922094785077,0.978634138411453,0.924990451198108,0.919312435158207
0.05435,0.0126529791418389,0.978569682726875,0.877188673999052,0.978569682726875,0.925109930714578,0.919433982734734
0.05465,0.012628704608882,0.978519030826074,0.877389830116649,0.978519030826074,0.925199145594136,0.919524631418185
0.05495,0.0126049779386481,0.97847242879572,0.87758687470139,0.97847242879572,0.92528784953196,0.919614971213265
0.05525,0.0125806876019588,0.978425769724937,0.877788826700602,0.978425769724937,0.925379220780132,0.919708113292962
0.05555,0.0125578090653633,0.978379053613725,0.877978840317544,0.978379053613725,0.925463898627468,0.919794269666458
0.05595,0.0125262700834161,0.978317221788873,0.878241227122199,0.978317221788873,0.925581974413557,0.91991460126526
0.05625,0.0125025223415389,0.978268338141366,0.87843866662255,0.978268338141366,0.925669728558198,0.920003901597652
0.05655,0.0124789695123614,0.978223276202591,0.878634965686167,0.978223276202591,0.92575852623559,0.920094503900316
0.05695,0.012448763311846,0.978162927428888,0.87888659334561,0.978162927428888,0.925871144961608,0.920209272564531
0.05725,0.0124261218312364,0.978115526832531,0.879075083951107,0.978115526832531,0.92595448617025,0.920294083730735
0.05755,0.0124035172260025,0.978069210004321,0.879263475727418,0.978069210004321,0.926038226427442,0.920379382216153
0.05795,0.0123737271904401,0.978007891543329,0.879511872909021,0.978007891543329,0.92614847914114,0.920491692524623
0.05825,0.0123511594605817,0.977962772564124,0.879700307095795,0.977962772564124,0.926232706859214,0.920577596080058
0.05865,0.0123214379078598,0.977903336437283,0.879948621875481,0.977903336437283,0.926343661964221,0.920690781531585
0.05895,0.0122998025982126,0.977858901943225,0.880129359546823,0.977858901943225,0.926423860616043,0.920772535076829
0.05935,0.0122705498895517,0.977798496129094,0.880373840703198,0.977798496129094,0.926532163252923,0.920882939636196
0.05965,0.0122490936888717,0.977754746120181,0.880553327529907,0.977754746120181,0.926611908340018,0.920964284640858
0.06005,0.0122207365250463,0.977695195912483,0.880790494051074,0.977695195912483,0.926716454465682,0.921070840721459
0.06035,0.0122002390841316,0.977649392448132,0.880961727047323,0.977649392448132,0.926790642952439,0.921146295726922
0.06075,0.0121714868269964,0.977589214795717,0.88120249505528,0.977589214795717,0.926896812215902,0.921254563282812
0.06105,0.0121503625046967,0.977545350705947,0.881379527694796,0.977545350705947,0.926975016060559,0.921334351191069
0.06145,0.0121223740946272,0.977488766600547,0.881614382673394,0.977488766600547,0.927079442443283,0.92144101054977
0.06175,0.0121014920962242,0.977443248338341,0.881789353899943,0.977443248338341,0.92715569788149,0.921518706926797
0.06215,0.0120744413742768,0.977383926292358,0.882016102634853,0.977383926292358,0.927254327239857,0.921619198013902
0.06255,0.0120475750292073,0.977327969631676,0.882241763343313,0.977327969631676,0.927353823847365,0.921720783424929
0.06285,0.0120276781301235,0.977283078814187,0.882408609810633,0.977283078814187,0.927425775189188,0.921794045256682
0.06325,0.0120010857164155,0.977227236234362,0.882632164772014,0.977227236234362,0.927524081148272,0.921894425749434
0.06365,0.0119738611534117,0.977172876705687,0.882861475347571,0.977172876705687,0.927626187812806,0.921998884433292
0.06405,0.0119473530262765,0.977114068023563,0.883084269217205,0.977114068023563,0.927722647018747,0.922097229244101
0.06435,0.0119275193421222,0.977071686984943,0.883251228250412,0.977071686984943,0.927795664452128,0.922171790387394
0.06475,0.0119021122083438,0.977015159919972,0.883464982077158,0.977015159919972,0.927888087879565,0.922266047912135
0.06515,0.0118764153394714,0.976957834288998,0.883681287730344,0.976957834288998,0.927981516507934,0.92236134224239
0.06555,0.0118511662430169,0.976899596011163,0.883893751343147,0.976899596011163,0.928072372820558,0.922453914820242
0.06595,0.0118258855390976,0.976844494956913,0.884106945418226,0.976844494956913,0.928165006187233,0.922548520332745
0.06635,0.0118013054673144,0.976789793185665,0.884314234602248,0.976789793185665,0.92825452573434,0.922639896191313
0.06675,0.0117766832522448,0.976738742001862,0.884522391529845,0.976738742001862,0.92834613307163,0.92273365351379
0.06705,0.0117581876174333,0.976697958095249,0.884678578556686,0.976697958095249,0.928413724179759,0.922802696988335
0.06745,0.0117337445113308,0.976644340092149,0.884885123115397,0.976644340092149,0.928503216525285,0.922894146442175
0.06785,0.0117096596231626,0.976589980563474,0.885088598221594,0.976589980563474,0.928590645865696,0.922983413754465
0.06825,0.0116857749156048,0.976536704802947,0.885290562691569,0.976536704802947,0.928677696344371,0.92307235170516
0.06865,0.0116618954759577,0.976483314961562,0.885492583758106,0.976483314961562,0.928764689335192,0.923161241888005
0.06905,0.0116386481856064,0.976432320818188,0.885689468499914,0.976432320818188,0.928849904675987,0.923248393164028
0.06955,0.0116101487881896,0.97636786513361,0.885930780809208,0.97636786513361,0.928953416788768,0.923354164131292
0.06995,0.0115866433702091,0.976312193675072,0.886129671219459,0.976312193675072,0.929037538831133,0.923439990120258
0.07035,0.0115643126963367,0.976259203116689,0.886318714859704,0.976259203116689,0.929117427974693,0.923521508487735
0.07075,0.011541465767206,0.97620843713503,0.886512589208362,0.97620843713503,0.929200945254251,0.923606957171491
0.07115,0.0115188295545073,0.976157157789512,0.886704678008515,0.976157157789512,0.929283215373469,0.9236910881639
0.07155,0.0114961564664329,0.976102741220409,0.886896869623381,0.976102741220409,0.929364086369388,0.923773622642055
0.07195,0.0114732410544619,0.976049636581168,0.887091416102759,0.976049636581168,0.929446810325056,0.923858181094684
0.07245,0.0114448628189934,0.975987462513743,0.887332856125752,0.975987462513743,0.929551117960839,0.923965041317475
0.07285,0.0114231116153087,0.975939434472668,0.88751798548836,0.975939434472668,0.92963090174601,0.924046773449865
0.07325,0.0114017238974691,0.975886386873857,0.887699519515643,0.975886386873857,0.929706405011542,0.924123794234526
0.07375,0.01137492603524,0.97582187414885,0.887927305544855,0.97582187414885,0.929802032210274,0.924221484480812
0.07415,0.0113534592987383,0.975769054711753,0.888109766085087,0.975769054711753,0.929878077119455,0.924299119281786
0.07455,0.0113320663129879,0.975719885862102,0.888292046854869,0.975719885862102,0.929955650344056,0.92437853911532
0.07505,0.0113054791671907,0.975659765250115,0.888518814975516,0.975659765250115,0.930052590062909,0.924477865681957
0.07545,0.0112840018948675,0.975609968955747,0.888701979994761,0.975609968955747,0.930130294559,0.92455742898754
0.07595,0.0112583208297276,0.975546197756315,0.88892069206719,0.975546197756315,0.930221079265343,0.924650158574917
0.07635,0.0112373387410194,0.975496743704519,0.889099754323053,0.975496743704519,0.930296625664692,0.924727498517532
0.07685,0.011211562853485,0.975435425243527,0.889319793678813,0.975435425243527,0.930389170998969,0.92482222840311
0.07725,0.0111910812163027,0.975386484555591,0.889494713514176,0.975386484555591,0.930462618791352,0.924897413461162
0.07775,0.0111649681824773,0.975320659900721,0.88971750775086,0.975320659900721,0.930554539671925,0.924991329461262
0.07815,0.0111448869065155,0.97527000799992,0.889888932729612,0.97527000799992,0.930625232617214,0.925063571203958
0.07865,0.0111205333548966,0.975210172590078,0.890097100560975,0.975210172590078,0.930711802344109,0.925152150715982
0.07905,0.0111010315491227,0.975161517104286,0.890263811402062,0.975161517104286,0.930780766920335,0.925222688019932
0.07955,0.0110766621937714,0.975100597926295,0.890472231641817,0.975100597926295,0.930866907738695,0.925310805024636
0.08005,0.0110526247168004,0.975037625292867,0.890677646713825,0.975037625292867,0.930950430200662,0.92539609581814
0.08045,0.011033238805064,0.974990738060369,0.890843788588147,0.974990738060369,0.931019798944552,0.925467179192412
0.08095,0.0110088694497127,0.97493512364226,0.891053081566902,0.97493512364226,0.931108721720851,0.925558509004008
0.08145,0.0109853640317323,0.974876486081422,0.891254574003028,0.974876486081422,0.93119196812334,0.925643747866994
0.08195,0.0109626224608176,0.974822354714463,0.891449886610244,0.974822354714463,0.931273860622292,0.925727768657604
0.08245,0.0109394278495743,0.974765770609063,0.891649064427717,0.974765770609063,0.931356707076973,0.925812708966045
0.08285,0.0109207741774388,0.974720537549001,0.891809356508152,0.974720537549001,0.931423491404567,0.925881210320036
0.08335,0.0108979535878621,0.974662527432881,0.892005289631439,0.974662527432881,0.931503851009738,0.92596350151834
0.08385,0.0108752383565014,0.974607198216916,0.892200664999746,0.974607198216916,0.931585095066371,0.92604685501282
0.08435,0.0108522913370656,0.974546906483643,0.892397710118598,0.974546906483643,0.931664946046394,0.926128550402247
0.08485,0.0108296077131696,0.974486899952514,0.892592562986049,0.974486899952514,0.931743695853148,0.926209114525181
0.08535,0.010807203288546,0.974433224908985,0.892785674040993,0.974433224908985,0.931824355459903,0.926291972740082
0.08585,0.010785093866927,0.974376184480155,0.892975945765921,0.974376184480155,0.931901895496589,0.926371418128347
0.08635,0.0107634322177259,0.974324106568633,0.893162837171613,0.974324106568633,0.93197983125346,0.92645150167529
0.08685,0.010741817979722,0.97426723726109,0.89334893773062,0.97426723726109,0.932055111888077,0.926528603207247
0.08735,0.0107197665051218,0.974212877732415,0.893539262680246,0.974212877732415,0.932133806866146,0.926609426740364
0.08795,0.0106939958854983,0.974147110117974,0.893761598742907,0.974147110117974,0.932224657896456,0.926702633335485
0.08845,0.0106726292393018,0.974090126729573,0.893945807284848,0.974090126729573,0.932298751701364,0.926778529676701
0.08895,0.0106515997393965,0.974029663875013,0.894126778854406,0.974029663875013,0.9323694589483,0.926850726436877
0.08945,0.0106304648812751,0.97397079815246,0.89430893797967,0.97397079815246,0.932441511057889,0.926924423669347
0.09005,0.0106055371273793,0.973903376365584,0.894524105958627,0.973903376365584,0.932527545516315,0.927012558647632
0.09055,0.0105843390543284,0.973847933068761,0.894707368435174,0.973847933068761,0.93260169581355,0.927088643650751
0.09105,0.0105642050992586,0.973791634165506,0.894881168724597,0.973791634165506,0.932670282703859,0.927158834273094
0.09165,0.0105402203013956,0.973726208793638,0.895088482937731,0.973726208793638,0.93275285011628,0.927243445137688
0.09215,0.0105196385739081,0.973675043528977,0.895266960611562,0.973675043528977,0.932826267387983,0.927318974205552
0.09265,0.0104995941733219,0.973619429110868,0.895440308940393,0.973619429110868,0.932894829035683,0.927389212026523
0.09325,0.0104756936620317,0.973550695394128,0.895646887066373,0.973550695394128,0.932975366449233,0.927471603153003
0.09375,0.010456444715976,0.973496164744167,0.895813430261131,0.973496164744167,0.933040670219269,0.927538472632423
0.09435,0.0104321807188407,0.973431423857445,0.896023861430814,0.973431423857445,0.933125055310807,0.927625124546862
0.09485,0.0104123628384188,0.973380030431069,0.896195969361971,0.973380030431069,0.933194756486309,0.927696794990395
0.09545,0.0103885992928093,0.973315175463489,0.896402146393176,0.973315175463489,0.933276706808419,0.927780906563028
0.09605,0.0103655205756035,0.973246783989322,0.896601983964856,0.973246783989322,0.933353554969025,0.927859507277847
0.09655,0.0103463085049235,0.973190256924352,0.896768468445692,0.973190256924352,0.933417753416582,0.92792520857229
0.09715,0.0103235300586332,0.973121352086325,0.896965784003653,0.973121352086325,0.933492926249195,0.928002054616636
0.09775,0.0103010834907231,0.973056154876172,0.89716059338081,0.973056154876172,0.933568409239377,0.928079390294788
0.09825,0.0102816343640572,0.973001624226211,0.897329663727542,0.973001624226211,0.93363483346149,0.928147568798019
0.09885,0.0102596408364758,0.972938708633212,0.89752083379923,0.972938708633212,0.933709327786293,0.92822398026221
0.09945,0.0102377157917347,0.972875793040212,0.897711495838533,0.972875793040212,0.933783511336413,0.928300080909951
0.10005,0.0102152270805383,0.972811109193919,0.897907155173499,0.972811109193919,0.933859547121981,0.928378092829671
0.10065,0.0101932124813137,0.972745969024195,0.898098626195758,0.972745969024195,0.933933070283029,0.928453447359093
0.10125,0.0101714296701643,0.972682882309909,0.898288315362756,0.972682882309909,0.93400654036709,0.928528840967704
0.10185,0.0101501051672542,0.972621050485058,0.898474108178678,0.972621050485058,0.934078447997759,0.928602645248872
0.10245,0.0101287595927009,0.972559446821921,0.898660212329247,0.972559446821921,0.934150594997779,0.928676728542871
0.10305,0.0101082042047674,0.972496017865062,0.898839138431976,0.972496017865062,0.93421798856817,0.92874572837783
0.10365,0.0100873116705428,0.972433444514636,0.899021273211776,0.972433444514636,0.934287477137949,0.928816994702119
0.10425,0.0100664560116937,0.972369274032202,0.899203024382422,0.972369274032202,0.934355988028834,0.928887183632581
0.10485,0.0100455371379151,0.97230601619663,0.899385527446019,0.97230601619663,0.934425292656985,0.928958263648685
0.10545,0.0100244128156154,0.972245325180355,0.899570218462694,0.972245325180355,0.934496930044309,0.929031925360621
0.10605,0.0100039206426114,0.972180356131917,0.899748911680503,0.972180356131917,0.934563321838621,0.929099890974235
0.10675,0.0099802993305934,0.972106032453152,0.899955061401123,0.972106032453152,0.934640164251903,0.929178607326897
0.10735,0.00996016010761288,0.972044828073018,0.900131121535994,0.972044828073018,0.934706806226581,0.929247009763737
0.10795,0.00994013677866991,0.971980030145867,0.900305894447633,0.971980030145867,0.934771061333171,0.929312769121529
0.10865,0.00991653127038435,0.971905706467101,0.900512241922913,0.971905706467101,0.934847892716376,0.929391533388376
0.10925,0.00989706633998596,0.971844901369968,0.900682533812152,0.971844901369968,0.934911512421382,0.929456796674586
0.10995,0.00987421941085529,0.97177171849978,0.900882356424996,0.97177171849978,0.934985278265466,0.929532391712506
0.11055,0.00985471233717052,0.971707433936488,0.901052897045729,0.971707433936488,0.935047356508384,0.929595930050577
0.11125,0.00983285050735907,0.971633623621582,0.9012439659572,0.971633623621582,0.935116043122737,0.929666155667995
0.11185,0.00981410201282921,0.971567798966713,0.901407681481205,0.971567798966713,0.935173670142165,0.929724952119435
0.11255,0.00979205053822903,0.971493589368805,0.901600637104048,0.971493589368805,0.935243114562136,0.929796004498566
0.11315,0.0097727015018682,0.971430388573661,0.901770212664113,0.971430388573661,0.935305046895249,0.929859491770092
0.11385,0.00975137699895814,0.971358688754622,0.901957014451819,0.971358688754622,0.935372272139015,0.929928314510452
0.11455,0.00973015258635324,0.971290126159168,0.902143298274383,0.971290126159168,0.935440637031992,0.92999847385004
0.11515,0.00971194668663556,0.971226240878879,0.902302710806263,0.971226240878879,0.935496693726528,0.93005575126587
0.11585,0.00969078548896024,0.971155624827987,0.902488427183622,0.971155624827987,0.935563733635045,0.930124468196495
0.11655,0.00967023536893747,0.971083696847233,0.902668576441101,0.971083696847233,0.935627137839226,0.930189299695975
0.11725,0.00964982221459546,0.97101171182605,0.902847574209769,0.97101171182605,0.935689862183885,0.93025342549251
0.11795,0.00962866628483093,0.97093955568358,0.903033408931153,0.97093955568358,0.935756143115224,0.930321339310599
0.11865,0.00960818991555934,0.970869852279549,0.903213385704721,0.970869852279549,0.935820382555937,0.930387187047047
0.11935,0.00958780836868211,0.970800491118092,0.903392627724348,0.970800491118092,0.935884352418209,0.930452777610194
0.12005,0.00956731092776733,0.970729304662912,0.903572858135189,0.970729304662912,0.935947970075875,0.930517950388534
0.12075,0.00954768269213421,0.970660570946172,0.903745487263965,0.970660570946172,0.936008616505786,0.930580066836046
0.12145,0.00952737489600815,0.970591837229432,0.903924401200865,0.970591837229432,0.936072600803651,0.930645745644897
0.12215,0.00950823657607923,0.970523787997838,0.904092807498565,0.970523787997838,0.936131237014637,0.930705782366297
0.12285,0.00948882959269962,0.970455168361956,0.904263700434867,0.970455168361956,0.936190909746725,0.930766917470947
0.12365,0.00946678865392104,0.970378962349039,0.904458048784974,0.970378962349039,0.936259586999869,0.930837388733109
0.12435,0.00944801381983719,0.970312510249452,0.90462355108872,0.970312510249452,0.936317314267445,0.930896561598876
0.12505,0.00942908094842939,0.97024776936273,0.904790732422558,0.97024776936273,0.936376708037949,0.930957576821562
0.12585,0.00940659223723299,0.970173730886109,0.904989675520619,0.970173730886109,0.936448745654338,0.931031746862787
0.12655,0.00938779633150594,0.970105168290655,0.905155449897863,0.970105168290655,0.936505541187764,0.931089909284531
0.12725,0.00936946400192911,0.970038373948495,0.905317223596357,0.970038373948495,0.936560989963369,0.931146712143921
0.12805,0.00934879798786879,0.969961369369575,0.905499536355491,0.969961369369575,0.936622637737501,0.931209794921659
0.12875,0.00933059735606191,0.969895658795563,0.905660370323795,0.969895658795563,0.936678028150052,0.931266601929131
0.12955,0.00930984178751803,0.969822989289233,0.905844077138773,0.969822989289233,0.936742374427558,0.931332728541833
0.13035,0.00928941809735442,0.969747296640176,0.90602457871265,0.969747296640176,0.936803560647141,0.931395416431181
0.13105,0.00927184434693249,0.969682555753454,0.906180007247343,0.969682555753454,0.936856422993622,0.931449611782028
0.13185,0.00925160503364681,0.969608460236404,0.906359143510551,0.969608460236404,0.936917558496381,0.931512330457877
0.13265,0.00923161331216862,0.969534764002356,0.906536140481873,0.969534764002356,0.936977702624019,0.931574024795372
0.13345,0.00921150042874209,0.969458843191583,0.90671415198435,0.969458843191583,0.937037314947343,0.931635101819648
0.13415,0.00919473266867225,0.969395699436868,0.906862644915551,0.969395699436868,0.937087102751299,0.931686135186424
0.13495,0.00917538890022221,0.969321889121962,0.907033951069489,0.969321889121962,0.937144057769688,0.9317444820772
0.13575,0.00915632433104447,0.969253326526509,0.907203236812809,0.969253326526509,0.937202355008552,0.931804436198683
0.13655,0.00913749154994184,0.96918111334361,0.907370161077703,0.96918111334361,0.937257654416342,0.931861102705084
0.13735,0.00911857975017723,0.969108729039425,0.907537884016216,0.969108729039425,0.937313268481633,0.93191811537135
0.13815,0.00909993661386332,0.969039082675824,0.907703457308118,0.969039082675824,0.937368985752365,0.931975337350238
0.13905,0.00907873327290162,0.968959568318035,0.907891844455389,0.968959568318035,0.937432216206194,0.932040280100492
0.13985,0.00906012701196329,0.9688920324503,0.908057439969969,0.9688920324503,0.937488868530522,0.932098595221365
0.14065,0.0090409360129264,0.968820104469545,0.908228131880472,0.968820104469545,0.937546149929138,0.932157464669571
0.14145,0.00902204528480499,0.968752340440095,0.90839650152322,0.968752340440095,0.937604112391863,0.932217200500709
0.14235,0.00900128971626111,0.968673453527024,0.908581211162977,0.968673453527024,0.937665534870139,0.932280309794822
0.14315,0.00898329980088614,0.968603521961278,0.908741260369168,0.968603521961278,0.937717987265457,0.932334142667818
0.14395,0.00896487791682575,0.96853764026598,0.90890572479336,0.96853764026598,0.937774659197538,0.932392607168616
0.14485,0.00894430145724899,0.968460863848774,0.909089249240605,0.968460863848774,0.937836336295199,0.932456103909421
0.14565,0.00892655386577073,0.968395894800337,0.909247732217573,0.968395894800337,0.937890192330533,0.932511624889742
0.14655,0.00890598794201558,0.968316722685121,0.909431147628894,0.968316722685121,0.93795061871913,0.932573754480158
0.14745,0.00888594880934022,0.968237835772049,0.909609816971892,0.968237835772049,0.938008617786384,0.932633323411042
0.14825,0.0088688491708901,0.968170014702171,0.909762313379976,0.968170014702171,0.938057861989203,0.932683891223507
0.14915,0.00884923147107858,0.968091926355102,0.909937331746075,0.968091926355102,0.93811422857505,0.932741776805419
0.15005,0.00883002466830929,0.968014408412322,0.910108686914255,0.968014408412322,0.938168881844271,0.932797869157025
0.15095,0.00881070197150245,0.967943564199716,0.910281771443153,0.967943564199716,0.938227555082083,0.932858456862238
0.15185,0.00879175856427306,0.967870267248669,0.910451223239359,0.967870267248669,0.938283114169771,0.93291566956175
0.15275,0.00877332087648027,0.967796571014621,0.910616038402171,0.967796571014621,0.938335991845968,0.932970026401714
0.15365,0.00875429845058891,0.967721220608136,0.910786226788698,0.967721220608136,0.938390912766868,0.933026534128785
0.15455,0.00873580808368814,0.967644786433504,0.910951473857052,0.967644786433504,0.938442669139944,0.933079651163702
0.15545,0.00871748102202211,0.967571660603744,0.911115566838225,0.967571660603744,0.938495337734247,0.933133850081008
0.15635,0.00869948057082555,0.967499162218702,0.911276760728455,0.967499162218702,0.938546733312539,0.933186723192112
0.15725,0.00868113243751632,0.96742609342937,0.911441220940028,0.96742609342937,0.938599562641759,0.933241127260261
0.15815,0.00866295814526343,0.967351826791034,0.911604048542823,0.967351826791034,0.938650931875997,0.93329395564853
0.15915,0.0086425713304754,0.96727208427153,0.911787094118726,0.96727208427153,0.938710406870361,0.933355309078852
0.16005,0.00862452346808166,0.9671994147652,0.911949053341842,0.9671994147652,0.938762003809551,0.933408457642056
0.16095,0.00860696025348133,0.96712628893544,0.912106542440888,0.96712628893544,0.938810987948242,0.933458818557603
0.16195,0.00858664718944448,0.967043295111493,0.912288917810388,0.967043295111493,0.938868471584834,0.933518012494692
0.16295,0.00856702948963295,0.966960016085401,0.912464890781547,0.966960016085401,0.938922392955125,0.933573412624383
0.16385,0.00854953475787299,0.966886034649209,0.912621926886832,0.966886034649209,0.938970639209615,0.933623012426477
0.16485,0.00853019625733376,0.966807661099996,0.912795884233928,0.966807661099996,0.939025738793363,0.933679837049471
0.16575,0.00851304393977566,0.966734478229807,0.912949953491258,0.966734478229807,0.939072731618249,0.933728149967011
0.16675,0.00849431124897819,0.966656732125312,0.913118483298942,0.966656732125312,0.939125190997651,0.933782203120614
0.16775,0.00847565230893189,0.966577560010096,0.913286296519484,0.966577560010096,0.939176565381845,0.933835076811943
0.16875,0.00845719354949591,0.966501125835464,0.913452551621308,0.966501125835464,0.93922837581148,0.933888504653702
0.16975,0.00843903506097541,0.966425490226836,0.913616150652803,0.966425490226836,0.939279127733231,0.933940837833339
0.17075,0.00842053942616384,0.96634728779891,0.913782779026256,0.96634728779891,0.939330236487821,0.93399350383499
0.17175,0.00840221763240861,0.966269712815701,0.913947919041669,0.966269712815701,0.939380823047077,0.934045644364597
0.17275,0.00838343753041395,0.966194134247501,0.914117599314761,0.966194134247501,0.93943471894107,0.934101392348607
0.17375,0.00836578476133006,0.96612157882203,0.914277052890135,0.96612157882203,0.939484612382103,0.934152950913656
0.17475,0.00834780538177669,0.96604548688997,0.914439360792398,0.96604548688997,0.939534310650567,0.934204228073867
0.17585,0.00832805598419521,0.965957302386999,0.914617371348811,0.965957302386999,0.939586543499841,0.934257934792215
0.17685,0.00831080357633196,0.965884975123243,0.914773338703843,0.965884975123243,0.939634613051359,0.934307596016859
0.17795,0.00829196025940773,0.965799015196996,0.914943214817514,0.965799015196996,0.939683537413962,0.934357853627909
0.17895,0.00827444972391538,0.965721383173359,0.915101340188817,0.965721383173359,0.939730173411739,0.934405882923366
0.18005,0.00825527452861088,0.965639073834557,0.91527480688378,0.965639073834557,0.93978265127781,0.934460069865361
0.18105,0.00823756381250821,0.965562924862069,0.915435099923916,0.965562924862069,0.939831069418061,0.934510076599798
0.18215,0.00821903130232106,0.9654814711297,0.915602776148809,0.9654814711297,0.939880833689962,0.934561414190154
0.18325,0.00820084120633577,0.965396081607741,0.915767006864099,0.965396081607741,0.939926884075139,0.934608698324679
0.18425,0.00818398389178236,0.965318449584104,0.91591940276762,0.965318449584104,0.939970346352921,0.93465341152128
0.18535,0.00816600451222899,0.965235569841014,0.916082019062699,0.965235569841014,0.940016672258249,0.934701084517833
0.18645,0.00814768271847376,0.965154686512933,0.916248104747877,0.965154686512933,0.940065738621961,0.93475175785133
0.18755,0.0081294294075589,0.965072263093274,0.91641351099999,0.965072263093274,0.940113683736175,0.934801211538723
0.18865,0.0081115395824891,0.964990695280047,0.916575646578533,0.964990695280047,0.940160281135658,0.934849258399374
0.18975,0.00809398690371036,0.964913861822413,0.916735061943224,0.964913861822413,0.940207663305655,0.934898272231708
0.19085,0.00807646583239641,0.964834119302909,0.916894030218135,0.964834119302909,0.94025339883955,0.934945470703968
0.19205,0.0080575856400966,0.964749528346954,0.917065526345668,0.964749528346954,0.940303386136688,0.934997133948351
0.19315,0.00803996447847749,0.964665279633572,0.917225254217175,0.964665279633572,0.940347316095868,0.935042329132685
0.19425,0.0080228068930086,0.964587476488648,0.917381192587364,0.964587476488648,0.940392286095228,0.935088801232189
0.19545,0.00800335776634261,0.964501915845403,0.917558258985512,0.964501915845403,0.940444636708608,0.935143031895776
0.19655,0.00798627919953569,0.964423428215333,0.917713563168306,0.964423428215333,0.94048888551926,0.935188748898237
0.19775,0.0079678415117429,0.964336441561368,0.91788113785999,0.964336441561368,0.940535504436547,0.935236837411003
0.19895,0.00794905614183744,0.964249283786116,0.918052081225519,0.964249283786116,0.940583775005218,0.935286712995407
0.20005,0.00793214088026526,0.964170111670899,0.918206034073617,0.964170111670899,0.940626894801089,0.935331254367808
0.20125,0.00791372426411566,0.964086034078804,0.918373903835204,0.964086034078804,0.94067495081045,0.935381002870443
0.20245,0.00789533398752006,0.964002241688853,0.918541636807858,0.964002241688853,0.940723036611941,0.935430807851245
0.20365,0.00787790247068967,0.963920046430909,0.918700493950776,0.963920046430909,0.940767195290021,0.935476449866033
0.20485,0.00785958594484524,0.963836539243102,0.918867726095715,0.963836539243102,0.940815087581363,0.935526089076259
0.20605,0.00784187522874256,0.9637542299043,0.919029391832739,0.9637542299043,0.940860599762412,0.935573216288898
0.20725,0.00782422245965867,0.963672662091074,0.919190649133811,0.963672662091074,0.940906219308879,0.935620491526573
0.20845,0.00780660656595036,0.963585675437108,0.919351223162712,0.963585675437108,0.940948865566257,0.935664478694177
0.20975,0.00778802137665523,0.963496407165989,0.919520917259331,0.963496407165989,0.94099516621678,0.935712361717092
0.21095,0.0077712167412098,0.963413299261184,0.919674251425535,0.963413299261184,0.941035805253262,0.935754308592679
0.21215,0.00775370093780665,0.96333013431595,0.919834422124456,0.96333013431595,0.94107996498035,0.935800052809279
0.21345,0.00773556352092934,0.963238926670251,0.919999976028829,0.963238926670251,0.941123070659365,0.935844519790434
0.21465,0.00771834272053088,0.963153765310008,0.920157357081123,0.963153765310008,0.941164752454884,0.935887596897872
0.21595,0.00770026851858315,0.963059420440723,0.920322247347924,0.963059420440723,0.941205943870384,0.935929981850198
0.21725,0.00768232601440537,0.96297083665475,0.920486412204284,0.96297083665475,0.941249471976765,0.935975011504308
0.21855,0.00766469958487546,0.962878431160045,0.920647363245619,0.962878431160045,0.941289459806198,0.936016179461118
0.21975,0.0076479792360028,0.962790760020934,0.920800120059578,0.962790760020934,0.94132739417557,0.936055250542286
0.22105,0.00763005780346821,0.962706511307552,0.920964672089193,0.962706511307552,0.941373095601206,0.936102755698023
0.22235,0.00761213637093362,0.96261593110657,0.921128833913814,0.96261593110657,0.941415532074442,0.936146646806011
0.22365,0.00759492083844595,0.962530769746327,0.921286753322961,0.962530769746327,0.941457266400455,0.93618990465327
0.22505,0.00757589841255459,0.962438364251622,0.921461470398347,0.962438364251622,0.9415042710653,0.936238712020993
0.22635,0.00755846162781341,0.962351434638086,0.921621544258985,0.962351434638086,0.941546216687493,0.936282200325534
0.22765,0.00754081939455111,0.962262850852113,0.921783543050653,0.962262850852113,0.941588341852966,0.936325868940459
0.22905,0.00752255554781465,0.962171700246843,0.921951382680493,0.962171700246843,0.941632250521957,0.936371427737883
0.23035,0.00750545064145374,0.962088649382466,0.922108829144674,0.962088649382466,0.941674583609913,0.936415458497916
0.23175,0.00748661786035111,0.961993677068464,0.922282010778127,0.961993677068464,0.941719376379049,0.936461937423982
0.23305,0.00747011349582116,0.961901899018477,0.922433226675722,0.961901899018477,0.941754213842653,0.936497778767009
0.23445,0.00745209197298141,0.961811261777066,0.922599143754874,0.961811261777066,0.941797226298829,0.936542458548041
0.23585,0.00743389134117453,0.961716916907781,0.92276659416916,0.961716916907781,0.941839224120041,0.936585999639515
0.23725,0.00741619116089345,0.961628675364381,0.922929789714804,0.961628675364381,0.941881897095172,0.936630394799335
0.23865,0.0073984383015044,0.961539464133691,0.923093506853072,0.961539464133691,0.941924342393378,0.936674546407601
0.24005,0.00738105946378199,0.9614468875177,0.923253473935827,0.9614468875177,0.941963186361275,0.936714779822534
0.24145,0.00736355946411124,0.961355052427284,0.923414745488895,0.961355052427284,0.942003030866779,0.936756122461925
0.24285,0.00734583821218697,0.96126555599445,0.923578401807878,0.96126555599445,0.942045204583905,0.936800032920283
0.24425,0.00732887027150681,0.961172694176315,0.923734658717519,0.961172694176315,0.942081879261007,0.936837980502103
0.24575,0.00731066437178913,0.961074128315297,0.923902486690079,0.961074128315297,0.942121796074876,0.936879345229328
0.24715,0.00729353312587423,0.960983947397317,0.92406068273923,0.960983947397317,0.942160698305674,0.936919775665773
0.24865,0.00727556428214245,0.960887320910879,0.92422655519878,0.960887320910879,0.94220045780193,0.936961042905935
0.25015,0.00725715820181445,0.96078829872643,0.924396556966116,0.96078829872643,0.942241173468128,0.93700332244474
0.25155,0.00724045892458498,0.960701312072464,0.924551086026724,0.960701312072464,0.942279603855106,0.937043352417361
0.25305,0.00722281669132268,0.960606054556318,0.924714183975414,0.960606054556318,0.942318472699021,0.937083740790305
0.25455,0.0072053851744923,0.960512451212608,0.924875459577502,0.960512451212608,0.94235715595831,0.937123974744678
0.25605,0.00718763231510324,0.960416851453889,0.925039778827412,0.960416851453889,0.94239642278961,0.937164826126393
0.25755,0.00716997427810855,0.960318798956731,0.925203097265935,0.960318798956731,0.942433953100639,0.937203786308467
0.25905,0.007152469010527,0.960225880098167,0.925365400843047,0.960225880098167,0.942473393272558,0.937244905677378
0.26055,0.00713490579592667,0.960130622582021,0.92552818470603,0.960130622582021,0.942511920782774,0.937285024041957
0.26215,0.00711684739771133,0.960033767933867,0.925695729578372,0.960033767933867,0.942552110893781,0.937326932276247
0.26365,0.00709969508015324,0.959939993468871,0.925854828129926,0.959939993468871,0.942589371323715,0.937365744897093
0.26525,0.00708182632672663,0.959836750292689,0.926020267076624,0.959836750292689,0.94262531641542,0.937403017471194
0.26675,0.00706483204649247,0.959745428566132,0.92617818690478,0.959745428566132,0.942663078851765,0.937442446698121
0.26835,0.00704670516543676,0.959642698753809,0.926346345607786,0.959642698753809,0.942700605538986,0.93748147552787
0.26995,0.00702905766426366,0.959541566073494,0.926510071050795,0.959541566073494,0.94273656888256,0.937518860655024
0.27155,0.00701151025339573,0.959441859403899,0.926673019906819,0.959441859403899,0.94277278126743,0.937556555615566
0.27315,0.00699346239100199,0.959343179462023,0.926840984774123,0.959343179462023,0.9428120477822,0.937597584153631
0.27475,0.00697598346297442,0.959243358711571,0.927003445868684,0.959243358711571,0.942847878435669,0.93763490634959
0.27635,0.00695860989316282,0.959146047739987,0.927165152011398,0.959146047739987,0.942884494638196,0.9376731318267
0.27795,0.00694135221738877,0.959050162779124,0.927325922417748,0.959050162779124,0.942921280462719,0.937711579655294
0.27965,0.00692291452959598,0.958946349198653,0.927497686592909,0.958946349198653,0.942959879618439,0.937751901100188
0.28125,0.00690540399410363,0.958849722712215,0.927661044504271,0.958849722712215,0.942997570701669,0.937791358057173
0.28295,0.00688701898541882,0.958744369040166,0.927832385379422,0.958744369040166,0.943035127313758,0.937830576256106
0.28455,0.00686954532530205,0.9586413540257,0.927995125448741,0.9586413540257,0.943069333459777,0.937866224904854
0.28625,0.00685162916067826,0.958537711566516,0.928162220210396,0.958537711566516,0.943105446222243,0.93790394817908
0.28795,0.00683340745722819,0.958434354309476,0.928332405887857,0.958434354309476,0.943143253094658,0.937943528839565
0.28965,0.00681571254485791,0.958333278669589,0.928497717433744,0.958333278669589,0.943179610281088,0.937981591960221
0.29135,0.00679791227427167,0.958227012350679,0.928663790637266,0.958227012350679,0.943213807785239,0.938017276695951
0.29305,0.00677958521260564,0.958125879670363,0.92883545043093,0.958125879670363,0.943253334147955,0.9380588103707
0.29485,0.00676093154047013,0.958014764915003,0.929009708729272,0.958014764915003,0.943289321513913,0.938096418376659
0.29655,0.00674357904230172,0.957914145598547,0.92917209535788,0.957914145598547,0.943324236615328,0.938133013140294
0.29825,0.00672638458145724,0.957813298120375,0.929333014254712,0.957813298120375,0.943358247951826,0.938168647700709
0.30005,0.00670857377504941,0.957706974761036,0.92949966858485,0.957706974761036,0.943392520136047,0.938204522593469
0.30185,0.00669024144547258,0.957595289601387,0.929671150346641,0.957595289601387,0.943426636119023,0.93824019038473
0.30355,0.0066722989412948,0.957491076737915,0.929839433004653,0.957491076737915,0.943462690085412,0.938278063146765
0.30535,0.00665380330648323,0.957383156246569,0.930012971971045,0.957383156246569,0.9434996089525,0.938316854176108
0.30715,0.00663594508887822,0.957275692078653,0.930180407501367,0.957275692078653,0.943533567267612,0.938352467280015
0.30895,0.00661866107355018,0.957166573738301,0.930342206714511,0.957166573738301,0.943563782724688,0.938384031214417
0.31085,0.00659938578794051,0.957056770912804,0.930523559532882,0.957056770912804,0.943603680098269,0.938426098875232
0.31265,0.00658189632409135,0.956945827278729,0.930687444885337,0.956945827278729,0.943633999270083,0.938457802048185
0.31445,0.00656424882291826,0.956837678625668,0.930853163648027,0.956837678625668,0.943666579611662,0.938492006364046
0.31635,0.00654576899183908,0.956722742161576,0.931026688611733,0.956722742161576,0.943699827989717,0.93852688985331
0.31815,0.00652842702949227,0.956614080144655,0.931189572067658,0.956614080144655,0.943730620374511,0.93855919720266
0.32005,0.00650982076855394,0.956506102612879,0.931365010123765,0.956506102612879,0.943768152320641,0.938598839604901
0.32195,0.00649164120839025,0.956395615302236,0.931536194481589,0.956395615302236,0.943802236161841,0.938634743676853
0.32385,0.00647422549529227,0.956282275970151,0.931699783661028,0.956282275970151,0.943830991502448,0.938664866820843
0.32575,0.00645638834933044,0.956169107759352,0.931867624709719,0.956169107759352,0.943861970421823,0.938697426208345
0.32765,0.00643889361757048,0.956054570578262,0.932032106481102,0.956054570578262,0.943890517478532,0.938727359223819
0.32965,0.00642057182381525,0.955935470162865,0.932204524945573,0.955935470162865,0.943920867256051,0.938759231517906
0.33155,0.0064028084286046,0.955821959709493,0.932371919832218,0.955821959709493,0.943951323270293,0.93879129255333
0.33345,0.00638527682146905,0.955709133741267,0.932537175967275,0.955709133741267,0.943980975408634,0.938822510708941
0.33545,0.00636687600905185,0.95559202974088,0.932710816827432,0.95559202974088,0.944012793533811,0.938856067732024
0.33745,0.00634852787574263,0.95546865129332,0.932883634249968,0.95546865129332,0.944041082433922,0.938885768641529
0.33945,0.00633037465513293,0.95535023536307,0.933054961586515,0.95535023536307,0.944070984975323,0.938917287019255
0.34145,0.00631221616661243,0.955231648311532,0.93322643520737,0.955231648311532,0.944100834147118,0.93894877142577
0.34345,0.00629416303630789,0.955109638834265,0.93339675108958,0.955109638834265,0.944128374231442,0.938977747787196
0.34545,0.00627554623954797,0.954993504521167,0.933573124303859,0.954993504521167,0.944161837975926,0.939013227145369
0.34745,0.00625805677569881,0.954878853259219,0.933738557574612,0.954878853259219,0.944190388149726,0.939043405240049
0.34955,0.00623999310957268,0.954752280547645,0.933908998182584,0.954752280547645,0.944215626042016,0.939069924731382
0.35155,0.00622214015987846,0.954632780849246,0.93407791714035,0.954632780849246,0.944243499566894,0.939099383254372
0.35365,0.00620358657804812,0.954503527237518,0.934253248973769,0.954503527237518,0.944269831573928,0.939127126695807
0.35575,0.00618564407387033,0.954383628256117,0.934423241211271,0.954383628256117,0.944297966817037,0.939156918865021
0.35785,0.00616772264133574,0.954254260563531,0.934592522661838,0.954254260563531,0.944321058289318,0.939181193655102
0.35995,0.00614956415281524,0.954133791177842,0.934764830769891,0.954133791177842,0.944350005319522,0.939211916649662
0.36205,0.00613161111281587,0.954009328962135,0.93493495312061,0.954009328962135,0.944375835444327,0.939239252385709
0.36425,0.0061131207459151,0.953878307097113,0.935110098023904,0.953878307097113,0.944400965971321,0.939265815775247
0.36635,0.00609563128206594,0.953753844881406,0.935275833046245,0.953753844881406,0.944424465338316,0.939290669930844
0.36855,0.00607661412408538,0.953620313237515,0.93545627483866,0.953620313237515,0.944450967697525,0.939318767787486
0.37065,0.00605851358258365,0.953496763668669,0.935628355071544,0.953496763668669,0.944478054637565,0.939347583688964
0.37285,0.00603989678582374,0.953365969965362,0.93580522148177,0.953365969965362,0.944503977951524,0.939375123302515
0.37505,0.00602215446225627,0.953233750251334,0.935973411628957,0.953233750251334,0.944524733237424,0.939397059690337
0.37725,0.00600346391474519,0.953102443184168,0.93615120685771,0.953102443184168,0.94455077794992,0.939424786039989
0.37945,0.00598505256650639,0.952970166429711,0.936326276789199,0.952970166429711,0.944574908852381,0.939450453392986
0.38175,0.00596547700998124,0.952833098279233,0.936512765081903,0.952833098279233,0.944602443454765,0.939479835514572
0.38395,0.00594733432519314,0.952702475697212,0.936685493959298,0.952702475697212,0.944626094138753,0.939505045702805
0.38625,0.0059287702075412,0.952563354091296,0.936862010801199,0.952563354091296,0.944647442456965,0.939527742810588
0.38855,0.00590978465702542,0.952428966840973,0.937043145899866,0.952428966840973,0.944673413613102,0.93955552446669
0.39075,0.00589227938944387,0.952293609903359,0.937209558074968,0.952293609903359,0.94469137540539,0.939574605611677
0.39305,0.00587351509118161,0.952156941035883,0.937388576547726,0.952156941035883,0.944715045286724,0.939599931146282
0.39545,0.00585400274958604,0.95201667862139,0.937574972757862,0.95201667862139,0.94474063840403,0.939627372198121
0.39775,0.00583591274390592,0.951878355581477,0.937747389004489,0.951878355581477,0.944760035317997,0.939648096511575
0.40005,0.00581720639266243,0.95174220007786,0.937926219987567,0.95174220007786,0.944783703471925,0.939673513599545
0.40245,0.00579874763322645,0.951601025016506,0.938102384825646,0.951601025016506,0.944803492782057,0.939694718175064
0.40485,0.00578026780214728,0.951457054974139,0.938278709152803,0.951457054974139,0.944821931512637,0.939714473984625
0.40715,0.00576259922933099,0.951315537670212,0.938447169994885,0.951315537670212,0.944837540160611,0.939731179364197
0.40955,0.00574412993407341,0.951173335881139,0.938623730596453,0.951173335881139,0.944856864057593,0.939751966603575
0.41205,0.00572427517827598,0.951024346281035,0.938813903116218,0.951024346281035,0.944879678221573,0.939776581803326
0.41445,0.00570621678006064,0.950874501074499,0.938986124789251,0.950874501074499,0.944892920362083,0.939790783664758
0.41685,0.00568763685867631,0.950724712908392,0.939163706346369,0.950724712908392,0.944908848578716,0.939807949897238
0.41935,0.00566861970069575,0.950572814246417,0.939345679225287,0.950572814246417,0.94492589911763,0.939826372141516
0.42175,0.00564977111586072,0.95042644850604,0.939526416341008,0.95042644850604,0.944945000237196,0.939847073326187
0.42425,0.00563073815414776,0.950275291369641,0.939708848239465,0.950275291369641,0.944962532593609,0.93986609047316
0.42675,0.0056117209961672,0.950120939969227,0.939891060040438,0.950120939969227,0.944978314878136,0.939883228500614
0.42925,0.00559338339867957,0.949968299781678,0.940066658079365,0.949968299781678,0.944991542238718,0.939897610762859
0.43185,0.00557381837797602,0.949808130257523,0.940254303325436,0.949808130257523,0.945007070602595,0.939914539828641
0.43435,0.00555519631330531,0.949649557865376,0.940432672089213,0.949649557865376,0.945018642149905,0.9399271816624
0.43695,0.00553572611499612,0.949495206464962,0.940619973856354,0.949495206464962,0.945036752871302,0.939947005763548
0.43945,0.00551805227426903,0.949340969145406,0.940789283278797,0.949340969145406,0.945045780632328,0.939956935284976
0.44205,0.00549986744619455,0.94918137002554,0.94096355606543,0.94918137002554,0.945054598683512,0.939966671851092
0.44465,0.0054805500172985,0.94902245539082,0.941149438109261,0.94902245539082,0.945069550251571,0.939983150793389
0.44735,0.00546075320851985,0.948853729802341,0.941339732386264,0.948853729802341,0.94508179607355,0.939996717890365
0.44995,0.00544178346173646,0.948690251933314,0.941522107854798,0.948690251933314,0.945092588222923,0.94000872754712
0.45255,0.00542294014481223,0.948529397924014,0.941703488874848,0.948529397924014,0.945104118718522,0.940021578359453
0.45525,0.00540335932037629,0.94836090049725,0.941892030458032,0.94836090049725,0.94511539651462,0.940034202687182
0.45795,0.00538430528702014,0.948197365587794,0.942075661197009,0.948197365587794,0.945126600733194,0.940046776279779
0.46065,0.00536469285511942,0.948022707794717,0.942264451164695,0.948022707794717,0.945134808981727,0.940056131897494
0.46335,0.00534557033892289,0.947859857370408,0.942449091076967,0.947859857370408,0.94514673041231,0.940069566260149
0.46605,0.00532647416228036,0.947689705771208,0.942633182846549,0.947689705771208,0.945154681330913,0.940078708816353
0.46885,0.00530680905127165,0.947512595239691,0.942822796097086,0.947512595239691,0.945161878125084,0.940087084641141
0.47155,0.00528797100225822,0.94734004794248,0.943004409088811,0.94734004794248,0.945167256468303,0.940093495887551
0.47435,0.00526870625247016,0.947163678936538,0.943190281551898,0.947163678936538,0.945172804336662,0.940100145090706
0.47715,0.00524932034073374,0.94698274669629,0.943377272106349,0.94698274669629,0.94517657104913,0.940104899451361
0.47995,0.00523019255662642,0.946805122800913,0.943561966185953,0.946805122800913,0.945180762476942,0.940110149477431
0.48275,0.00521087512773037,0.946632974786704,0.943749041086044,0.946632974786704,0.945188808096998,0.940119645056537
0.48565,0.00519075170848225,0.946448620120726,0.94394379184007,0.946448620120726,0.945194546493015,0.940126702652244
0.48845,0.00517157124526695,0.94627099622535,0.94412945599419,0.94627099622535,0.9451990130878,0.940132380034789
0.49135,0.00515189559843664,0.946084302901789,0.944319812655106,0.946084302901789,0.945201234296896,0.940135678271957
0.49425,0.00513224629116033,0.945898465184661,0.944510099705562,0.945898465184661,0.945203772619157,0.940139365148087
0.49715,0.00511318698989338,0.945716620297551,0.944694730128204,0.945716620297551,0.945205399013859,0.940142074966585
0.50015,0.00509336910947153,0.945517948483937,0.944886332803288,0.945517948483937,0.945202035126932,0.940139440307348
0.50305,0.00507399373355671,0.945330684756088,0.945074193169631,0.945330684756088,0.945202421562372,0.94014090718366
0.50605,0.00505388085013018,0.945136633217209,0.94526938073861,0.945136633217209,0.945203002317031,0.940142672277046
0.50895,0.00503456342123413,0.94494594706363,0.945456765007873,0.94494594706363,0.945201287020041,0.940141942356145
0.51195,0.00501437151914563,0.944750868797032,0.945653022889344,0.944750868797032,0.94520173057649,0.940143657973648
0.51505,0.00499337362670504,0.944545865495817,0.945857171253753,0.944545865495817,0.945201063571561,0.940144267919307
0.51805,0.00497361369330197,0.944344569822476,0.946048992447931,0.944344569822476,0.945196012761743,0.94014008663283
0.52105,0.00495388009945289,0.944145840968432,0.946240841132341,0.944145840968432,0.945192180169989,0.940137275500237
0.52415,0.00493333524734092,0.943933707613614,0.946440464281623,0.943933707613614,0.945185423888041,0.940131397589961
0.52725,0.00491339620497072,0.943721745380082,0.946634041844681,0.943721745380082,0.94517565025937,0.940122253751139
0.53035,0.00489315162377424,0.943513376693566,0.946831120834958,0.943513376693566,0.94516933727744,0.94011694113426
0.53345,0.00487321784931484,0.943304266481475,0.94702512990089,0.943304266481475,0.945161036177405,0.940109499479638
0.53665,0.00485255183525452,0.943084603790051,0.947226288286812,0.943084603790051,0.94515090880846,0.940100189366566
0.53975,0.00483233359361203,0.942872641556519,0.947423417008192,0.942872641556519,0.945142551421595,0.940092817108275
0.54295,0.00481146739894139,0.942657770261117,0.947627246854954,0.942657770261117,0.945135976289781,0.940087487102416
0.54615,0.00479059066844915,0.942435540750395,0.947830980110924,0.942435540750395,0.945125560255692,0.940078051414235
0.54935,0.00477035662307427,0.942219414565559,0.948028578284468,0.942219414565559,0.9451150699817,0.940068533832669
0.55265,0.00474940614183086,0.941987830424509,0.948232948601978,0.941987830424509,0.945100072860955,0.940054257446627
0.55585,0.00472905620241842,0.941765714994645,0.948431788343485,0.941765714994645,0.9450869972006,0.94004206417191
0.55915,0.00470752625098724,0.941533275247163,0.94864248323984,0.941533275247163,0.945074509894631,0.940030683805733
0.56245,0.00468707622126964,0.941302147429544,0.948842259440761,0.941302147429544,0.945057164031567,0.94001399561048
0.56575,0.00466650502960368,0.941070221045922,0.949043432582047,0.941070221045922,0.945040009808806,0.939997587571978
0.56905,0.00464565990657624,0.94083629824729,0.9492475287867,0.94083629824729,0.945023197733553,0.939981640073319
0.57245,0.00462395611408872,0.94059159480761,0.949460175141513,0.94059159480761,0.945005078211913,0.939964436330674
0.57575,0.00460272116566223,0.940347746974362,0.949668202129986,0.940347746974362,0.944984993030682,0.939945120794848
0.57915,0.00458144934186015,0.94009386002564,0.949876303068289,0.94009386002564,0.944959764694415,0.939920315647219
0.58255,0.00456067796958387,0.939846932009235,0.950079754463618,0.939846932009235,0.944935640930265,0.939896713209408
0.58605,0.00453903739202594,0.93959464219252,0.950292176010345,0.93959464219252,0.944913132888942,0.939875029559843
0.58945,0.00451802369585296,0.939347657135686,0.950498543988247,0.939347657135686,0.9448902031025,0.939852881153291
0.59295,0.00449634624291943,0.93909445467211,0.95071171729331,0.93909445467211,0.944867378407825,0.939830998644156
0.59645,0.00447452128848357,0.938839312833954,0.950926543206916,0.938839312833954,0.944844272136792,0.939808902181704
0.59995,0.0044522116862543,0.938570595373736,0.951145969132185,0.938570595373736,0.944816439992556,0.939781842249248
0.60345,0.00442998110268699,0.938310491018271,0.951365221515625,0.938310491018271,0.944792762289387,0.93975933153373
0.60705,0.00440835106095065,0.938036240636457,0.951577724796338,0.938036240636457,0.944758461749521,0.939725351658266
0.61065,0.00438580440273547,0.937766724610236,0.951800266984111,0.937766724610236,0.944731383246405,0.939699369857143
0.61425,0.00436353167588178,0.937493615036998,0.95201999870018,0.937493615036998,0.944700968207042,0.939669829332215
0.61785,0.00434167511398113,0.937218337927465,0.952235495130759,0.937218337927465,0.944667239228052,0.939636733580654
0.62145,0.00431948667370021,0.936938269421909,0.952454463616557,0.936938269421909,0.944632654968406,0.9396028461201
0.62515,0.00429671349532071,0.936646507628444,0.952679236083525,0.936646507628444,0.944594845370195,0.939565657875747
0.62885,0.0042739877281384,0.936353433905116,0.952903694127829,0.936353433905116,0.94455607226578,0.939527511880512
0.63255,0.00425198893264621,0.936065436779954,0.95312100157338,0.936065436779954,0.944516230404009,0.939488184039408
0.63625,0.00422908405649676,0.935772819380056,0.953347851191221,0.935772819380056,0.944478582502988,0.939451452521691
0.63995,0.00420651105872759,0.93547330008827,0.953571131206691,0.93547330008827,0.944435523273875,0.939408931084961
0.64375,0.0041829793011932,0.935164198004441,0.953804306406319,0.935164198004441,0.944392283059144,0.939366471607301
0.64755,0.00415904718243815,0.934853099505602,0.954041877049363,0.934853099505602,0.944350021454765,0.939325232010582
0.65135,0.00413535738757982,0.934543084774911,0.954277218183293,0.934543084774911,0.944307061730234,0.939283297091676
0.65515,0.00411237876067921,0.934220692271164,0.95450474672949,0.934220692271164,0.944253798728474,0.939230258012776
0.65905,0.00408823065758145,0.93388894513709,0.954744467829107,0.93388894513709,0.944201556337027,0.939178635231664
0.66295,0.00406413523359168,0.933551722121847,0.954983670480204,0.933551722121847,0.944146086610195,0.939123644761511
0.66685,0.00404006614915589,0.933218320815336,0.955223062329869,0.933218320815336,0.944092488321645,0.939070767823675
0.67075,0.00401597599307691,0.932871629088908,0.955462362495674,0.932871629088908,0.944031865768119,0.939010466228174
0.67475,0.00399139065338293,0.932526990817917,0.955707305541199,0.932526990817917,0.943974865256378,0.938954264400436
0.67865,0.00396681058159974,0.93217875899991,0.955952337220297,0.93217875899991,0.943915880795548,0.938896049192801
0.68265,0.00394150880603724,0.931827789241319,0.956205222517747,0.931827789241319,0.943859130651069,0.938840497960492
0.68675,0.00391545371923063,0.931457197575211,0.956465566143856,0.931457197575211,0.943795745184537,0.938778119553263
0.69075,0.00389062078772914,0.931090826900837,0.956713437542126,0.931090826900837,0.943728248151919,0.938711201271064
0.69485,0.00386517151066429,0.93070991091711,0.956967555758692,0.93070991091711,0.943656111061374,0.938639577817403
0.69895,0.00383935347984359,0.930316388998612,0.957225394987179,0.930316388998612,0.943579083099065,0.938562937764243
0.70305,0.00381336160796656,0.929923551565261,0.957485477280776,0.929923551565261,0.943503270353096,0.93848777976995
0.70715,0.00378679553381255,0.929528774757329,0.957751972017783,0.929528774757329,0.943429342552593,0.938414915565928
0.71135,0.00375993445665385,0.92911386267802,0.958021125564794,0.92911386267802,0.943346092405893,0.938332301812371
0.71555,0.00373318927353271,0.928699578043428,0.958289457273718,0.928699578043428,0.943262518177793,0.93824946978458
0.71975,0.00370573292245385,0.92828266954911,0.958565688898271,0.92828266954911,0.943181165190052,0.938169343966863
0.72395,0.00367792888926233,0.927854467049883,0.958845578196767,0.927854467049883,0.943095491180307,0.938084853337418
0.72825,0.00364998789039005,0.927408239775147,0.959126598810972,0.927408239775147,0.943000778497632,0.93799091895694
0.73255,0.00362239984154124,0.926969998160446,0.959404595619273,0.926969998160446,0.942908454311141,0.937899617088072
0.73685,0.00359379508590843,0.926521717430272,0.959693540810227,0.926521717430272,0.942815941874707,0.93780855985046
0.74115,0.00356534836759956,0.926065451040061,0.959980905924367,0.926065451040061,0.942718239508746,0.937712109644686
0.74555,0.00353553726039402,0.925583573497306,0.960282389367464,0.925583573497306,0.942613762610237,0.937609007783009
0.74995,0.00350677973534806,0.925103578288702,0.960573075059919,0.925103578288702,0.942504736819716,0.937500968813017
0.75435,0.00347669469678103,0.924604759738584,0.960877826790949,0.924604759738584,0.94239238116057,0.937389969646502
0.75875,0.00344740511274449,0.924099837862581,0.961174243941174,0.924099837862581,0.942272501973732,0.937270949306973
0.76325,0.00341701453535117,0.923571814612902,0.961482174445079,0.923571814612902,0.942145786512948,0.937145206788593
0.76775,0.00338585484298136,0.92302639403243,0.961798308439378,0.92302639403243,0.942013571088125,0.937014090369614
0.77225,0.00335476890136272,0.922481772017962,0.962114254823133,0.922481772017962,0.941881283874552,0.936883126166388
0.77685,0.00332354072615253,0.921906519293212,0.962431128529233,0.921906519293212,0.94173306231732,0.936735539614087
0.78135,0.00329222826436958,0.921346211160815,0.96275010697381,0.921346211160815,0.941593224101411,0.936597147398357
0.78605,0.00326006766894815,0.92072053469698,0.963076411614832,0.92072053469698,0.941422301795454,0.936426329040515
0.79065,0.00322703786824507,0.920109574663782,0.963413439646963,0.920109574663782,0.941263710019836,0.93626918297679
0.79525,0.00319401333545279,0.919478821601781,0.96375034235439,0.919478821601781,0.941094207828391,0.936100782791729
0.79995,0.00316015647275443,0.918832040179278,0.964096456598307,0.918832040179278,0.940920184342478,0.935928206331931
0.80465,0.00312580969435186,0.918155654774213,0.964447576070502,0.918155654774213,0.940732472136563,0.93574165696329
0.80945,0.0030896665583672,0.917442991656411,0.964817861875315,0.917442991656411,0.940534234605768,0.935544992725798
0.81415,0.00305390271195999,0.916737116349641,0.965185083848074,0.916737116349641,0.940337480919892,0.935350157423747
0.81895,0.00301733287520069,0.915999868807014,0.965560895403732,0.915999868807014,0.94012765395435,0.935142215972405
0.82385,0.0029794776682067,0.915226172430364,0.965950484410482,0.915226172430364,0.939904459678883,0.934921090061925
0.82865,0.00294144862015637,0.914442265816954,0.966342607017412,0.914442265816954,0.939676340319318,0.934695304148978
0.83355,0.00290208679067416,0.913616035205353,0.966748994591345,0.913616035205353,0.939431833161458,0.934453261962536
0.83845,0.00286179254098072,0.912766075775358,0.967165981478773,0.912766075775358,0.939178939080632,0.934203296137855
0.84335,0.00282062381809483,0.911871738891733,0.967592301731901,0.911871738891733,0.93890604517845,0.93393320891064
0.84835,0.00277831195856577,0.910920874943138,0.968030648214018,0.910920874943138,0.938607850362441,0.933637617909925
0.85335,0.00273493071314474,0.909947765227299,0.968481498343021,0.909947765227299,0.938302646974524,0.933335804884969
0.85835,0.00269056436840449,0.90892103750836,0.968942977278729,0.90892103750836,0.937972770402626,0.933009245360293
0.86345,0.00264337969138735,0.907840862907607,0.969435785510527,0.907840862907607,0.937627835293207,0.932668967871092
0.86855,0.00259524679042657,0.906743576178206,0.969940373389507,0.906743576178206,0.937277907715268,0.932324769392398
0.87365,0.00254514369082737,0.905577327570349,0.970466713474166,0.905577327570349,0.936899810086134,0.931952941104477
0.87875,0.00249507219869295,0.90436436285128,0.970993173135057,0.90436436285128,0.936495154128973,0.931554334174302
0.88395,0.00244158710036147,0.903066179731539,0.971557642836804,0.903066179731539,0.936060705452414,0.931127416587279
0.88915,0.00238604751681879,0.901686656960287,0.972145268200958,0.901686656960287,0.935591293107522,0.930666324860587
0.89435,0.00232910140109307,0.900238970876583,0.972749408583335,0.900238970876583,0.935090613596203,0.930174778212011
0.89965,0.00227002704940497,0.898674523035064,0.973377175442348,0.898674523035064,0.934535375903696,0.929629135074351
0.90495,0.00220944080731787,0.897014475434826,0.974022562647577,0.897014475434826,0.933933770750424,0.929037880315032
0.91025,0.0021472267807942,0.895251640981837,0.974687073090242,0.895251640981837,0.933282139207251,0.928397567365961
0.91565,0.0020804770830735,0.893336280422156,0.975403316012713,0.893336280422156,0.932567781943078,0.927697127604256
0.92105,0.00201021895676138,0.891246604311971,0.976159753398949,0.891246604311971,0.93177262880188,0.926917811214872
0.92645,0.001936552492163,0.889007482278252,0.976956758655217,0.889007482278252,0.930909445373196,0.926073380668668
0.93195,0.00185645390848032,0.886505118665482,0.977827755773115,0.886505118665482,0.929929759380636,0.925116580509175
0.93745,0.00177321564996208,0.883711905906109,0.978735241958349,0.883711905906109,0.92879949591078,0.924011320904582
0.94295,0.00168676923376789,0.880597498491994,0.979680773198879,0.880597498491994,0.927500418972794,0.922740279945573
0.94845,0.00159435954255043,0.877085690410221,0.980697059043191,0.877085690410221,0.926002092943581,0.921276047839673
0.95405,0.00149715078459605,0.872987963043506,0.981768980221535,0.872987963043506,0.924188482307705,0.919501793283197
0.95965,0.0013932043687311,0.868181223146436,0.982920807360759,0.868181223146436,0.921994978911811,0.917357214893343
0.96535,0.0012768678266694,0.862349067460289,0.984220271690014,0.862349067460289,0.919262998115135,0.914692299812043
0.97105,0.00115333005054692,0.855173552634769,0.985607125102539,0.855173552634769,0.915769224296868,0.911286762456753
0.97675,0.00101820287066897,0.84597971927553,0.987135424147497,0.84597971927553,0.91112285226975,0.9067684615397
0.98245,0.000865480868725902,0.83351672781876,0.988881865224735,0.83351672781876,0.904576616386535,0.900430164853374
0.98825,0.000685602786619454,0.813993557283564,0.990962399242143,0.813993557283564,0.89380242833851,0.890063442642194
0.99405,0.000439670371017641,0.7748273742722,0.993893302915208,0.7748273742722,0.870794069563442,0.868260429454805
0.99995,3.84399450925658e-05,0.41728045495446,0.999003525691885,0.41728045495446,0.588673813159387,0.628901966672941
